lawid,lawcode,lawsection,category,effectivedate,enddate,editreference,content
CC-001(1)-00,CC,1(1),1-1-1,2500-01-01,0000-00-00,,ในประมวลกฎหมายนี้ (๑) “โดยทุจริต” หมายความว่า เพื่อแสวงหาประโยชน์ที่มิควรได้โดยชอบด้วยกฎหมายสำหรับตนเองหรือผู้อื่น
CC-001(6)-00,CC,1(6),1-1-1,2500-01-01,0000-00-00,,ในประมวลกฎหมายนี้ (๖) “ใช้กำลังประทุษร้าย” หมายความว่า ทำการประทุษร้ายแก่กายหรือจิตใจของบุคคล ไม่ว่าจะทำด้วยใช้แรงกายภาพหรือด้วยวิธีอื่นใด และให้หมายความรวมถึงการกระทำใด ๆ ซึ่งเป็นเหตุให้บุคคลหนึ่งบุคคลใดอยู่ในภาวะที่ไม่สามารถขัดขืนได้ ไม่ว่าจะโดยใช้ยาทำให้มึนเมา สะกดจิต หรือใช้วิธีอื่นใดอันคล้ายคลึงกัน
CC-001(9)-00,CC,1(9),1-1-1,2500-01-01,0000-00-00,,ในประมวลกฎหมายนี้ (๙) “เอกสารสิทธิ” หมายความว่า เอกสารที่เป็นหลักฐานแห่งการก่อ เปลี่ยนแปลง โอน สงวนหรือระงับซึ่งสิทธิ
CC-059P1-00,CC,59 วรรคหนึ่ง,1-1-4,2500-01-01,0000-00-00,,บุคคลจะต้องรับผิดในทางอาญาก็ต่อเมื่อได้กระทำโดยเจตนา เว้นแต่จะได้กระทำโดยประมาท ในกรณีที่กฎหมายบัญญัติให้ต้องรับผิดเมื่อได้กระทำโดยประมาท หรือเว้นแต่ในกรณีที่กฎหมายบัญญัติไว้โดยแจ้งชัดให้ต้องรับผิดแม้ได้กระทำโดยไม่มีเจตนา
CC-059P2-00,CC,59 วรรคสอง,1-1-4,2500-01-01,0000-00-00,,กระทำโดยเจตนา ได้แก่กระทำโดยรู้สำนึกในการที่กระทำและในขณะเดียวกันผู้กระทำประสงค์ต่อผล หรือย่อมเล็งเห็นผลของการกระทำนั้น
CC-059P3-00,CC,59 วรรคสาม,1-1-4,2500-01-01,0000-00-00,,ถ้าผู้กระทำมิได้รู้ข้อเท็จจริงอันเป็นองค์ประกอบของความผิด จะถือว่าผู้กระทำประสงค์ต่อผล หรือย่อมเล็งเห็นผลของการกระทำนั้นมิได้
CC-059P4-00,CC,59 วรรคสี่,1-1-4,2500-01-01,0000-00-00,,กระทำโดยประมาท ได้แก่กระทำความผิดมิใช่โดยเจตนา แต่กระทำโดยปราศจากความระมัดระวังซึ่งบุคคลในภาวะเช่นนั้นจักต้องมีตามวิสัยและพฤติการณ์ และผู้กระทำอาจใช้ความระมัดระวังเช่นว่านั้นได้ แต่หาได้ใช้ให้เพียงพอไม่
CC-059P5-00,CC,59 วรรคท้าย,1-1-4,2500-01-01,0000-00-00,,การกระทำ ให้หมายความรวมถึงการให้เกิดผลอันหนึ่งอันใดขึ้นโดยงดเว้นการที่จักต้องกระทำเพื่อป้องกันผลนั้นด้วย
CC-060-00,CC,60,1-1-4,2500-01-01,0000-00-00,,ผู้ใดเจตนาที่จะกระทำต่อบุคคลหนึ่ง แต่ผลของการกระทำเกิดแก่อีกบุคคลหนึ่งโดยพลาดไป ให้ถือว่าผู้นั้นกระทำโดยเจตนาแก่บุคคลซึ่งได้รับผลร้ายจากการกระทำนั้น แต่ในกรณีที่กฎหมายบัญญัติให้ลงโทษหนักขึ้น เพราะฐานะของบุคคลหรือเพราะความสัมพันธ์ระหว่างผู้กระทำกับบุคคลที่ได้รับผลร้าย มิให้นำกฎหมายนั้นมาใช้บังคับเพื่อลงโทษผู้กระทำให้หนักขึ้น
CC-061-00,CC,61,1-1-4,2500-01-01,0000-00-00,,ผู้ใดเจตนาจะกระทำต่อบุคคลหนึ่ง แต่ได้กระทำต่ออีกบุคคลหนึ่งโดยสำคัญผิด ผู้นั้นจะยกเอาความสำคัญผิดเป็นข้อแก้ตัวว่ามิได้กระทำโดยเจตนาหาได้ไม่
CC-062P1-00,CC,62 วรรคหนึ่ง,1-1-4,2500-01-01,0000-00-00,,ข้อเท็จจริงใด ถ้ามีอยู่จริงจะทำให้การกระทำไม่เป็นความผิด หรือทำให้ผู้กระทำไม่ต้องรับโทษ หรือได้รับโทษน้อยลง แม้ข้อเท็จจริงนั้นจะไม่มีอยู่จริง แต่ผู้กระทำสำคัญผิดว่ามีอยู่จริง ผู้กระทำย่อมไม่มีความผิด หรือได้รับยกเว้นโทษ หรือได้รับโทษน้อยลง แล้วแต่กรณี
CC-062P2-00,CC,62 วรรคสอง,1-1-4,2500-01-01,0000-00-00,,ถ้าความไม่รู้ข้อเท็จจริงตามความในวรรคสามแห่งมาตรา ๕๙ หรือความสำคัญผิดว่ามีอยู่จริงตามความในวรรคแรก ได้เกิดขึ้นด้วยความประมาทของผู้กระทำความผิด ให้ผู้กระทำรับผิดฐานกระทำโดยประมาท ในกรณีที่กฎหมายบัญญัติไว้โดยเฉพาะว่า การกระทำนั้นผู้กระทำจะต้องรับโทษแม้กระทำโดยประมาท
CC-062P3-00,CC,62 วรรคสาม,1-1-4,2500-01-01,0000-00-00,,บุคคลจะต้องรับโทษหนักขึ้นโดยอาศัยข้อเท็จจริงใด บุคคลนั้นจะต้องได้รู้ข้อเท็จจริงนั้น
CC-063-00,CC,63,1-1-4,2500-01-01,0000-00-00,,ถ้าผลของการกระทำความผิดใดทำให้ผู้กระทำต้องรับโทษหนักขึ้น ผลของการกระทำความผิดนั้นต้องเป็นผลที่ตามธรรมดาย่อมเกิดขึ้นได้
CC-065-00,CC,65,1-1-4,2500-01-01,0000-00-00,,ผู้ใดกระทำความผิด ในขณะไม่สามารถรู้ผิดชอบ หรือไม่สามารถบังคับตนเองได้เพราะมีจิตบกพร่อง โรคจิตหรือจิตฟั่นเฟือน ผู้นั้นไม่ต้องรับโทษสำหรับความผิดนั้น แต่ถ้าผู้กระทำความผิดยังสามารถรู้ผิดชอบอยู่บ้าง หรือยังสามารถบังคับตนเองได้บ้าง ผู้นั้นต้องรับโทษสำหรับความผิดนั้น แต่ศาลจะลงโทษน้อยกว่าที่กฎหมายกำหนดไว้สำหรับความผิดนั้นเพียงใดก็ได้
CC-067-00,CC,67,1-1-4,2500-01-01,0000-00-00,,ผู้ใดกระทำความผิดด้วยความจำเป็น (๑) เพราะอยู่ในที่บังคับ หรือภายใต้อำนาจซึ่งไม่สามารถหลีกเลี่ยงหรือขัดขืนได้ หรือ (๒) เพราะเพื่อให้ตนเองหรือผู้อื่นพ้นจากภยันตรายที่ใกล้จะถึงและไม่สามารถหลีกเลี่ยงให้พ้นโดยวิธีอื่นใดได้ เมื่อภยันตรายนั้นตนมิได้ก่อให้เกิดขึ้นเพราะความผิดของตน ถ้าการกระทำนั้นไม่เป็นการเกินสมควรแก่เหตุแล้ว ผู้นั้นไม่ต้องรับโทษ
CC-068-00,CC,68,1-1-4,2500-01-01,0000-00-00,,ผู้ใดจำต้องกระทำการใดเพื่อป้องกันสิทธิของตนหรือของผู้อื่นให้พ้นภยันตรายซึ่งเกิดจากการประทุษร้ายอันละเมิดต่อกฎหมาย และเป็นภยันตรายที่ใกล้จะถึง ถ้าได้กระทำพอสมควรแก่เหตุ การกระทำนั้นเป็นการป้องกันโดยชอบด้วยกฎหมาย ผู้นั้นไม่มีความผิด
CC-069-00,CC,69,1-1-4,2500-01-01,0000-00-00,,ในกรณีที่บัญญัติไว้ในมาตรา ๖๗ และมาตรา ๖๘ นั้น ถ้าผู้กระทำได้กระทำไปเกินสมควรแก่เหตุ หรือเกินกว่ากรณีแห่งความจำเป็น หรือเกินกว่ากรณีแห่งการจำต้องกระทำเพื่อป้องกัน ศาลจะลงโทษน้อยกว่าที่กฎหมายกำหนดไว้สำหรับความผิดนั้นเพียงใดก็ได้ แต่ถ้าการกระทำนั้นเกิดขึ้นจากความตื่นเต้น ความตกใจ หรือความกลัว ศาลจะไม่ลงโทษผู้กระทำก็ได้
CC-072-00,CC,72,1-1-4,2500-01-01,0000-00-00,,ผู้ใดบันดาลโทสะโดยถูกข่มเหงอย่างร้ายแรงด้วยเหตุอันไม่เป็นธรรม จึงกระทำความผิดต่อผู้ข่มเหงในขณะนั้น ศาลจะลงโทษผู้นั้นน้อยกว่าที่กฎหมายกำหนดไว้สำหรับความผิดนั้นเพียงใดก็ได้
CC-080-00,CC,80,1-1-5,2500-01-01,0000-00-00,,ผู้ใดลงมือกระทำความผิดแต่กระทำไปไม่ตลอด หรือกระทำไปตลอดแล้วแต่การกระทำนั้นไม่บรรลุผล ผู้นั้นพยายามกระทำความผิด ผู้ใดพยายามกระทำความผิด ผู้นั้นต้องระวางโทษสองในสามส่วนของโทษที่กฎหมายกำหนดไว้สำหรับความผิดนั้น
CC-081-00,CC,81,1-1-5,2500-01-01,0000-00-00,,ผู้ใดกระทำการโดยมุ่งต่อผลซึ่งกฎหมายบัญญัติเป็นความผิด แต่การกระทำนั้นไม่สามารถจะบรรลุผลได้อย่างแน่แท้ เพราะเหตุปัจจัยซึ่งใช้ในการกระทำหรือเหตุแห่งวัตถุที่มุ่งหมายกระทำต่อ ให้ถือว่าผู้นั้นพยายามกระทำความผิด แต่ให้ลงโทษไม่เกินกึ่งหนึ่งของโทษที่กฎหมายกำหนดไว้สำหรับความผิดนั้น ถ้าการกระทำดังกล่าวในวรรคแรกได้กระทำไปโดยความเชื่ออย่างงมงาย ศาลจะไม่ลงโทษก็ได้
CC-082-00,CC,82,1-1-5,2500-01-01,0000-00-00,,ผู้ใดพยายามกระทำความผิด หากยับยั้งเสียเองไม่กระทำการให้ตลอด หรือกลับใจแก้ไขไม่ให้การกระทำนั้นบรรลุผล ผู้นั้นไม่ต้องรับโทษสำหรับการพยายามกระทำความผิดนั้น แต่ถ้าการที่ได้กระทำไปแล้วต้องตามบทกฎหมายที่บัญญัติเป็นความผิด ผู้นั้นต้องรับโทษสำหรับความผิดนั้น ๆ
CC-083-00,CC,83,1-1-6,2500-01-01,0000-00-00,,ในกรณีความผิดใดเกิดขึ้นโดยการกระทำของบุคคลตั้งแต่สองคนขึ้นไป ผู้ที่ได้ร่วมกระทำความผิดด้วยกันนั้นเป็นตัวการ ต้องระวางโทษตามที่กฎหมายกำหนดไว้สำหรับความผิดนั้น
CC-084-00,CC,84,1-1-6,2500-01-01,2559-04-07,,ผู้ใดก่อให้ผู้อื่นกระทำความผิดไม่ว่าด้วยการใช้ บังคับ ขู่เข็ญ จ้าง วานหรือยุยงส่งเสริม หรือด้วยวิธีอื่นใด ผู้นั้นเป็นผู้ใช้ให้กระทำความผิด ถ้าผู้ถูกใช้ได้กระทำความผิดนั้น ผู้ใช้ต้องรับโทษเสมือนเป็นตัวการ ถ้าความผิดมิได้กระทำลง ไม่ว่าจะเป็นเพราะผู้ถูกใช้ไม่ยอมกระทำ ยังไม่ได้กระทำหรือเหตุอื่นใด ผู้ใช้ต้องระวางโทษเพียงหนึ่งในสามของโทษที่กำหนดไว้สำหรับความผิดนั้น
CC-084-01,CC,84,1-1-6,2559-04-08,0000-00-00,พ.ร.บ.แก้ไขเพิ่มเติมประมวลกฎหมายอาญา (ฉบับที่ 25) พ.ศ.2559,ผู้ใดก่อให้ผู้อื่นกระทำความผิดไม่ว่าด้วยการใช้ บังคับ ขู่เข็ญ จ้าง วานหรือยุยงส่งเสริม หรือด้วยวิธีอื่นใด ผู้นั้นเป็นผู้ใช้ให้กระทำความผิด ถ้าความผิดมิได้กระทำลงไม่ว่าจะเป็นเพราะผู้ถูกใช้ไม่ยอมกระทำ ยังไม่ได้กระทำ หรือเหตุอื่นใด ผู้ใช้ต้องระวางโทษเพียงหนึ่งในสามของโทษที่กำหนดไว้สำหรับความผิดนั้น ถ้าผู้ถูกใช้ได้กระทำความผิดนั้น ผู้ใช้ต้องรับโทษเสมือนเป็นตัวการ และถ้าผู้ถูกใช้เป็นบุคคลอายุไม่เกินสิบแปดปี ผู้พิการ ผู้ทุพพลภาพ ลูกจ้างหรือผู้ที่อยู่ใต้บังคับบัญชาของผู้ใช้ ผู้ที่มีฐานะยากจน หรือผู้ต้องพึ่งพาผู้ใช้เพราะเหตุป่วยเจ็บหรือไม่ว่าทางใด ให้เพิ่มโทษที่จะลงแก่ผู้ใช้กึ่งหนึ่งของโทษที่ศาลกำหนดสำหรับผู้นั้น
CC-086-00,CC,86,1-1-6,2500-01-01,0000-00-00,,ผู้ใดกระทำด้วยประการใด ๆ อันเป็นการช่วยเหลือ หรือให้ความสะดวกในการที่ผู้อื่นกระทำความผิดก่อนหรือขณะกระทำความผิด แม้ผู้กระทำความผิดจะมิได้รู้ถึงการช่วยเหลือหรือให้ความสะดวกนั้นก็ตาม ผู้นั้นเป็นผู้สนับสนุนการกระทำความผิด ต้องระวางโทษสองในสามส่วนของโทษที่กำหนดไว้สำหรับความผิดที่สนับสนุนนั้น
CC-087P1-00,CC,87 วรรคหนึ่ง,1-1-6,2500-01-01,0000-00-00,,ในกรณีที่มีการกระทำความผิดเพราะมีผู้ใช้ให้กระทำตามมาตรา ๘๔ เพราะมีผู้โฆษณาหรือประกาศแก่บุคคลทั่วไปให้กระทำความผิดตามมาตรา ๘๕ หรือโดยมีผู้สนับสนุนตามมาตรา ๘๖ ถ้าความผิดที่เกิดขึ้นนั้น ผู้กระทำได้กระทำไปเกินขอบเขตที่ใช้หรือที่โฆษณาหรือประกาศ หรือเกินไปจากเจตนาของผู้สนับสนุน ผู้ใช้ให้กระทำความผิด ผู้โฆษณาหรือประกาศแก่บุคคลทั่วไปให้กระทำความผิด หรือผู้สนับสนุนการกระทำความผิด แล้วแต่กรณี ต้องรับผิดทางอาญาเพียงสำหรับความผิดเท่าที่อยู่ในขอบเขตที่ใช้ หรือที่โฆษณาหรือประกาศ หรืออยู่ในขอบเขตแห่งเจตนาของผู้สนับสนุนการกระทำความผิดเท่านั้น แต่ถ้าโดยพฤติการณ์อาจเล็งเห็นได้ว่า อาจเกิดการกระทำความผิดเช่นที่เกิดขึ้นนั้นได้จากการใช้ การโฆษณา หรือประกาศ หรือการสนับสนุน ผู้ใช้ให้กระทำความผิด ผู้โฆษณาหรือประกาศแก่บุคคลทั่วไปให้กระทำความผิด หรือผู้สนับสนุนการกระทำความผิด แล้วแต่กรณี ต้องรับผิดทางอาญาตามความผิดที่เกิดขึ้นนั้น
CC-087P2-00,CC,87 วรรคสอง,1-1-6,2500-01-01,0000-00-00,,ในกรณีที่ผู้ถูกใช้ ผู้กระทำตามคำโฆษณา หรือประกาศแก่บุคคลทั่วไปให้กระทำความผิด หรือตัวการในความผิด จะต้องรับผิดทางอาญามีกำหนดโทษสูงขึ้นเพราะอาศัยผลที่เกิดจากการกระทำความผิด ผู้ใช้ให้กระทำความผิด ผู้โฆษณาหรือประกาศแก่บุคคลทั่วไปให้กระทำความผิด หรือผู้สนับสนุนการกระทำความผิด แล้วแต่กรณี ต้องรับผิดทางอาญาตามความผิดที่มีกำหนดโทษสูงขึ้นนั้นด้วย แต่ถ้าโดยลักษณะของความผิด ผู้กระทำจะต้องรับผิดทางอาญามีกำหนดโทษสูงขึ้นเฉพาะเมื่อผู้กระทำต้องรู้ หรืออาจเล็งเห็นได้ว่าจะเกิดผลเช่นนั้นขึ้น ผู้ใช้ให้กระทำความผิด ผู้โฆษณาหรือประกาศแก่บุคคลทั่วไปให้กระทำความผิด หรือผู้สนับสนุนการกระทำความผิด จะต้องรับผิดทางอาญาตามความผิดที่มีกำหนดโทษสูงขึ้นก็เฉพาะเมื่อตนได้รู้ หรืออาจเล็งเห็นได้ว่าจะเกิดผลเช่นที่เกิดขึ้นนั้น
CC-288-00,CC,288,2-10-1,2500-01-01,0000-00-00,,"ผู้ใดฆ่าผู้อื่น ต้องระวางโทษประหารชีวิต จำคุกตลอดชีวิต หรือจำคุก
ตั้งแต่สิบห้าปีถึงยี่สิบปี"
CC-289(1)-00,CC,289(1),2-10-1,2500-01-01,0000-00-00,,ผู้ใด (๑) ฆ่าบุพการี ต้องระวางโทษประหารชีวิต
CC-289(2)-00,CC,289(2),2-10-1,2500-01-01,0000-00-00,,ผู้ใด (๒) ฆ่าเจ้าพนักงาน ซึ่งกระทำการตามหน้าที่ หรือเพราะเหตุที่จะกระทำ หรือได้กระทำการตามหน้าที่ ต้องระวางโทษประหารชีวิต
CC-289(3)-00,CC,289(3),2-10-1,2500-01-01,0000-00-00,,ผู้ใด (๓) ฆ่าผู้ช่วยเหลือเจ้าพนักงาน ในการที่เจ้าพนักงานนั้นกระทำตามหน้าที่ หรือเพราะเหตุที่บุคคลนั้นจะช่วยหรือได้ช่วยเจ้าพนักงานดังกล่าวแล้ว  ต้องระวางโทษประหารชีวิต
CC-289(4)-00,CC,289(4),2-10-1,2500-01-01,0000-00-00,,ผู้ใด (๔) ฆ่าผู้อื่นโดยไตร่ตรองไว้ก่อน ต้องระวางโทษประหารชีวิต
CC-289(5)-00,CC,289(5),2-10-1,2500-01-01,0000-00-00,,ผู้ใด (๕) ฆ่าผู้อื่นโดยทรมานหรือโดยกระทำทารุณโหดร้าย ต้องระวางโทษประหารชีวิต
CC-289(6)-00,CC,289(6),2-10-1,2500-01-01,0000-00-00,,ผู้ใด (๖) ฆ่าผู้อื่นเพื่อตระเตรียมการ หรือเพื่อความสะดวกในการที่จะกระทำความผิดอย่างอื่น ต้องระวางโทษประหารชีวิต
CC-289(7)-00,CC,289(7),2-10-1,2500-01-01,0000-00-00,,ผู้ใด (๗) ฆ่าผู้อื่นเพื่อจะเอา หรือเอาไว้ซึ่งผลประโยชน์อันเกิดแต่การที่ตนได้กระทำความผิดอื่น เพื่อปกปิดความผิดอื่นของตน หรือเพื่อหลีกเลี่ยงให้พ้นอาญาในความผิดอื่นที่ตนได้กระทำไว้ ต้องระวางโทษประหารชีวิต
CC-290-00,CC,290,2-10-1,2500-01-01,0000-00-00,,ผู้ใดมิได้มีเจตนาฆ่า แต่ทำร้ายผู้อื่นจนเป็นเหตุให้ผู้นั้นถึงแก่ความตาย ต้องระวางโทษจำคุกตั้งแต่สามปีถึงสิบห้าปี ถ้าความผิดนั้นมีลักษณะประการหนึ่งประการใด ดังที่บัญญัติไว้ในมาตรา ๒๘๙ ผู้กระทำต้องระวางโทษจำคุกตั้งแต่สามปีถึงยี่สิบปี
CC-291-00,CC,291,2-10-1,2500-01-01,2560-03-20,,ผู้ใดกระทำโดยประมาท และการกระทำนั้นเป็นเหตุให้ผู้อื่นถึงแก่ความตาย ต้องระวางโทษจำคุกไม่เกินสิบปี และปรับไม่เกินสองหมื่นบาท
CC-291-01,CC,291,2-10-1,2560-03-21,0000-00-00,พ.ร.บ.แก้ไขเพิ่มเติมประมวลกฎหมายอาญา (ฉบับที่ 26) พ.ศ.2560,ผู้ใดกระทำโดยประมาท และการกระทำนั้นเป็นเหตุให้ผู้อื่นถึงแก่ความตาย ต้องระวางโทษจำคุกไม่เกินสิบปี และปรับไม่เกินสองแสนบาท
CC-295-00,CC,295,2-10-2,2500-01-01,2560-03-20,,ผู้ใดทำร้ายผู้อื่น จนเป็นเหตุให้เกิดอันตรายแก่กายหรือจิตใจของผู้อื่นนั้น ผู้นั้นกระทำความผิดฐานทำร้ายร่างกาย ต้องระวางโทษจำคุกไม่เกินสองปี หรือปรับไม่เกินสี่พันบาท หรือทั้งจำทั้งปรับ
CC-295-01,CC,295,2-10-2,2560-03-21,0000-00-00,พ.ร.บ.แก้ไขเพิ่มเติมประมวลกฎหมายอาญา (ฉบับที่ 26) พ.ศ.2560,ผู้ใดทำร้ายผู้อื่น จนเป็นเหตุให้เกิดอันตรายแก่กายหรือจิตใจของผู้อื่นนั้น ผู้นั้นกระทำความผิดฐานทำร้ายร่างกาย ต้องระวางโทษจำคุกไม่เกินสองปี หรือปรับไม่เกินสี่หมื่นบาท หรือทั้งจำทั้งปรับ
CC-296-00,CC,296,2-10-2,2500-01-01,2560-03-20,,ผู้ใดกระทำความผิดฐานทำร้ายร่างกาย ถ้าความผิดนั้น มีลักษณะประการหนึ่งประการใดดังที่บัญญัติไว้ในมาตรา ๒๘๙ ต้องระวางโทษจำคุกไม่เกินสามปี หรือปรับไม่เกินหกพันบาท หรือทั้งจำทั้งปรับ
CC-296-01,CC,296,2-10-2,2560-03-21,0000-00-00,พ.ร.บ.แก้ไขเพิ่มเติมประมวลกฎหมายอาญา (ฉบับที่ 26) พ.ศ.2560,ผู้ใดกระทำความผิดฐานทำร้ายร่างกาย ถ้าความผิดนั้น มีลักษณะประการหนึ่งประการใดดังที่บัญญัติไว้ในมาตรา ๒๘๙ ต้องระวางโทษจำคุกไม่เกินสามปี หรือปรับไม่เกินหกหมื่นบาท หรือทั้งจำทั้งปรับ
CC-297-00,CC,297,2-10-2,2500-01-01,2560-03-20,,ผู้ใดกระทำความผิดฐานทำร้ายร่างกาย จนเป็นเหตุให้ผู้ถูกกระทำร้ายรับอันตรายสาหัส ต้องระวางโทษจำคุกตั้งแต่หกเดือนถึงสิบปี อันตรายสาหัสนั้น คือ (๑) ตาบอด หูหนวก ลิ้นขาด หรือเสียฆานประสาท (๒) เสียอวัยวะสืบพันธุ์ หรือความสามารถสืบพันธุ์ (๓) เสียแขน ขา มือ เท้า นิ้วหรืออวัยวะอื่นใด (๔) หน้าเสียโฉมอย่างติดตัว (๕) แท้งลูก (๖) จิตพิการอย่างติดตัว (๗) ทุพพลภาพ หรือป่วยเจ็บเรื้อรังซึ่งอาจถึงตลอดชีวิต (๘) ทุพพลภาพ หรือป่วยเจ็บด้วยอาการทุกขเวทนาเกินกว่ายี่สิบวัน หรือจนประกอบกรณียกิจตามปกติไม่ได้เกินกว่ายี่สิบวัน
CC-297-01,CC,297,2-10-2,2560-03-21,0000-00-00,พ.ร.บ.แก้ไขเพิ่มเติมประมวลกฎหมายอาญา (ฉบับที่ 26) พ.ศ.2560,ผู้ใดกระทำความผิดฐานทำร้ายร่างกาย จนเป็นเหตุให้ผู้ถูกกระทำร้ายรับอันตรายสาหัส ต้องระวางโทษจำคุกตั้งแต่หกเดือนถึงสิบปี และปรับตั้งแต่หนึ่งหมื่นบาทถึงสองแสนบาท อันตรายสาหัสนั้น คือ (๑) ตาบอด หูหนวก ลิ้นขาด หรือเสียฆานประสาท (๒) เสียอวัยวะสืบพันธุ์ หรือความสามารถสืบพันธุ์ (๓) เสียแขน ขา มือ เท้า นิ้วหรืออวัยวะอื่นใด (๔) หน้าเสียโฉมอย่างติดตัว (๕) แท้งลูก (๖) จิตพิการอย่างติดตัว (๗) ทุพพลภาพ หรือป่วยเจ็บเรื้อรังซึ่งอาจถึงตลอดชีวิต (๘) ทุพพลภาพ หรือป่วยเจ็บด้วยอาการทุกขเวทนาเกินกว่ายี่สิบวัน หรือจนประกอบกรณียกิจตามปกติไม่ได้เกินกว่ายี่สิบวัน
CC-298-00,CC,298,2-10-2,2500-01-01,2560-03-20,,ผู้ใดกระทำความผิดตามมาตรา ๒๙๗ ถ้าความผิดนั้นมีลักษณะประการหนึ่งประการใดดังที่บัญญัติไว้ในมาตรา ๒๘๙ ต้องระวางโทษจำคุกตั้งแต่สองปีถึงสิบปี
CC-298-01,CC,298,2-10-2,2560-03-21,0000-00-00,พ.ร.บ.แก้ไขเพิ่มเติมประมวลกฎหมายอาญา (ฉบับที่ 26) พ.ศ.2560,ผู้ใดกระทำความผิดตามมาตรา ๒๙๗ ถ้าความผิดนั้นมีลักษณะประการหนึ่งประการใดดังที่บัญญัติไว้ในมาตรา ๒๘๙ ต้องระวางโทษจำคุกตั้งแต่สองปีถึงสิบปี และปรับตั้งแต่สี่หมื่นบาทถึงสองแสนบาท
CC-300-00,CC,300,2-10-2,2500-01-01,2560-03-20,,ผู้ใดกระทำโดยประมาท และการกระทำนั้นเป็นเหตุให้ผู้อื่นรับอันตรายสาหัส ต้องระวางโทษจำคุกไม่เกินสามปี หรือปรับไม่เกินหกพันบาท หรือทั้งจำทั้งปรับ
CC-300-01,CC,300,2-10-2,2560-03-21,0000-00-00,พ.ร.บ.แก้ไขเพิ่มเติมประมวลกฎหมายอาญา (ฉบับที่ 26) พ.ศ.2560,ผู้ใดกระทำโดยประมาท และการกระทำนั้นเป็นเหตุให้ผู้อื่นรับอันตรายสาหัส ต้องระวางโทษจำคุกไม่เกินสามปี หรือปรับไม่เกินหกหมื่นบาท หรือทั้งจำทั้งปรับ
CC-326-00,CC,326,2-11-3,2500-01-01,2519-10-20,,ผู้ใดใส่ความผู้อื่นต่อบุคคลที่สาม โดยประการที่น่าจะทำให้ผู้อื่นนั้นเสียชื่อเสียง ถูกดูหมิ่นหรือถูกเกลียดชัง ผู้นั้นกระทำความผิดฐานหมิ่นประมาท ต้องระวางโทษจำคุกไม่เกินหกเดือน หรือปรับไม่เกินหนึ่งพันบาท หรือทั้งจำทั้งปรับ
CC-326-01,CC,326,2-11-3,2519-10-21,2535-02-25,คำสั่งของคณะปฏิรูปการปกครองแผ่นดิน ฉบับที่ 41 ลงวันที่ 21 ตุลาคม พ.ศ.2519,ผู้ใดใส่ความผู้อื่นต่อบุคคลที่สาม โดยประการที่น่าจะทำให้ผู้อื่นนั้นเสียชื่อเสียง ถูกดูหมิ่นหรือถูกเกลียดชัง ผู้นั้นกระทำความผิดฐานหมิ่นประมาท ต้องระวางโทษจำคุกไม่เกินหนึ่งปี หรือปรับไม่เกินสองพันบาท หรือทั้งจำทั้งปรับ
CC-326-02,CC,326,2-11-3,2535-02-26,0000-00-00,พ.ร.บ.แก้ไขเพิ่มเติมประมวลกฎหมายอาญา (ฉบับที่ 11) พ.ศ.2535,ผู้ใดใส่ความผู้อื่นต่อบุคคลที่สาม โดยประการที่น่าจะทำให้ผู้อื่นนั้นเสียชื่อเสียง ถูกดูหมิ่น หรือถูกเกลียดชัง ผู้นั้นกระทำความผิดฐานหมิ่นประมาท ต้องระวางโทษจำคุกไม่เกินหนึ่งปี หรือปรับไม่เกินสองหมื่นบาท หรือทั้งจำทั้งปรับ
CC-328-00,CC,328,2-11-3,2500-01-01,2519-10-20,,ถ้าความผิดฐานหมิ่นประมาทได้กระทำโดยการโฆษณาด้วยเอกสาร ภาพวาด ภาพระบายสี ภาพยนตร์ ภาพหรือตัวอักษรที่ทำให้ปรากฏด้วยวิธีใด แผ่นเสียงหรือสิ่งบันทึกเสียงอย่างอื่น กระทำโดยการกระจายเสียง หรือโดยกระทำการป่าวประกาศด้วยวิธีอื่นใด ผู้กระทำต้องระวางโทษจำคุกไม่เกินหนึ่งปี หรือปรับไม่เกินสองพันบาท หรือทั้งจำทั้งปรับ
CC-328-01,CC,328,2-11-3,2519-10-21,2535-02-25,คำสั่งของคณะปฏิรูปการปกครองแผ่นดิน ฉบับที่ 41 ลงวันที่ 21 ตุลาคม พ.ศ.2519,ถ้าความผิดฐานหมิ่นประมาทได้กระทำโดยการโฆษณาด้วยเอกสาร ภาพวาดภาพ ระบายสี ภาพยนตร์ ภาพหรือตัวอักษรที่ทำให้ปรากฏด้วยวิธีใด แผ่นเสียงหรือสิ่งบันทึกเสียงอย่างอื่น กระทำโดยการกระจายเสียง หรือโดยกระทำการป่าวประกาศด้วยวิธีอื่นใด ผู้กระทำต้องระวางโทษจำคุกไม่เกินสองปี หรือปรับไม่เกินสี่พันบาท หรือทั้งจำทั้งปรับ
CC-328-02,CC,328,2-11-3,2535-02-26,0000-00-00,พ.ร.บ.แก้ไขเพิ่มเติมประมวลกฎหมายอาญา (ฉบับที่ 11) พ.ศ.2535,ถ้าความผิดฐานหมิ่นประมาทได้กระทำโดยการโฆษณาด้วยเอกสาร ภาพวาด ภาพระบายสี ภาพยนตร์ ภาพหรือตัวอักษรที่ทำให้ปรากฏไม่ว่าด้วยวิธีใด ๆ แผ่นเสียง หรือสิ่งบันทึกเสียง บันทึกภาพ หรือบันทึกอักษร กระทำโดยการกระจายเสียง หรือการกระจายภาพ หรือโดยกระทำการป่าวประกาศด้วยวิธีอื่น ผู้กระทำต้องระวางโทษจำคุกไม่เกินสองปี และปรับไม่เกินสองแสนบาท
CC-329-00,CC,329,2-11-3,2500-01-01,0000-00-00,,ผู้ใดแสดงความคิดเห็นหรือข้อความใดโดยสุจริต (๑) เพื่อความชอบธรรม ป้องกันตนหรือป้องกันส่วนได้เสียเกี่ยวกับตนตามคลองธรรม (๒) ในฐานะเป็นเจ้าพนักงานปฏิบัติการตามหน้าที่ (๓) ติชมด้วยความเป็นธรรม ซึ่งบุคคลหรือสิ่งใดอันเป็นวิสัยของประชาชนย่อมกระทำ หรือ (๔) ในการแจ้งข่าวด้วยความเป็นธรรมเรื่องการดำเนินการอันเปิดเผยในศาลหรือในการประชุม ผู้นั้นไม่มีความผิดฐานหมิ่นประมาท
CC-330-00,CC,330,2-11-3,2500-01-01,0000-00-00,,ในกรณีหมิ่นประมาท ถ้าผู้ถูกหาว่ากระทำความผิด พิสูจน์ได้ว่าข้อที่หาว่าเป็นหมิ่นประมาทนั้นเป็นความจริง ผู้นั้นไม่ต้องรับโทษ แต่ห้ามไม่ให้พิสูจน์ ถ้าข้อที่หาว่าเป็นหมิ่นประมาทนั้นเป็นการใส่ความในเรื่องส่วนตัว และการพิสูจน์จะไม่เป็นประโยชน์แก่ประชาชน
CC-331-00,CC,331,2-11-3,2500-01-01,0000-00-00,,คู่ความ หรือทนายความของคู่ความ ซึ่งแสดงความคิดเห็น หรือข้อความในกระบวนพิจารณาคดีในศาล เพื่อประโยชน์แก่คดีของตน ไม่มีความผิดฐานหมิ่นประมาท
CC-334-00,CC,334,2-12-1,2500-01-01,2560-03-20,,ผู้ใดเอาทรัพย์ของผู้อื่น หรือที่ผู้อื่นเป็นเจ้าของรวมอยู่ด้วยไปโดยทุจริต ผู้นั้นกระทำความผิดฐานลักทรัพย์ ต้องระวางโทษจำคุกไม่เกินสามปี และปรับไม่เกินหกพันบาท
CC-334-01,CC,334,2-12-1,2560-03-21,0000-00-00,พ.ร.บ.แก้ไขเพิ่มเติมประมวลกฎหมายอาญา (ฉบับที่ 26) พ.ศ.2560,ผู้ใดเอาทรัพย์ของผู้อื่น หรือที่ผู้อื่นเป็นเจ้าของรวมอยู่ด้วยไปโดยทุจริต ผู้นั้นกระทำความผิดฐานลักทรัพย์ ต้องระวางโทษจำคุกไม่เกินสามปี และปรับไม่เกินหกหมื่นบาท
CC-335-00,CC,335,2-12-1,2500-01-01,2525-08-06,,ผู้ใดลักทรัพย์ (๑) ในเวลากลางคืน (๒) ในที่หรือบริเวณที่มีเหตุเพลิงไหม้ การระเบิดอุทกภัย หรือในที่หรือบริเวณที่มีอุบัติเหตุ เหตุทุกขภัยแก่รถไฟหรือยานพาหนะอื่นที่ประชาชนโดยสารหรือภัยพิบัติอื่นทำนองเดียวกัน หรืออาศัยโอกาสที่มีเหตุเช่นว่านั้น หรืออาศัยโอกาสที่ประชาชนกำลังตื่นกลัวภยันตรายใด ๆ (๓) โดยทำอันตรายสิ่งกีดกั้นสำหรับคุ้มครองบุคคลหรือทรัพย์หรือโดยผ่านสิ่งเช่นว่านั้นเข้าไปด้วยประการใด ๆ (๔) โดยเข้าทางช่องทางซึ่งได้ทำขึ้นโดยไม่ได้จำนงให้เป็นทางคนเข้า หรือเข้าทางช่องทางซึ่งผู้เป็นใจเปิดไว้ให้ (๕) โดยแปลงตัวหรือปลอมตัวเป็นผู้อื่น มอบหน้าหรือทำด้วยประการอื่น เพื่อไม่ให้เห็นหรือจำหน้าได้ (๖) โดยลวงว่าเป็นเจ้าพนักงาน (๗) โดยมีอาวุธ หรือโดยร่วมกระทำความผิดด้วยกันตั้งแต่สองคนขึ้นไป (๘) ในเคหสถาน สถานที่ราชการหรือสถานที่ที่จัดไว้เพื่อให้บริการสาธารณะที่ตนได้เข้าไปโดยไม่ได้รับอนุญาต หรือซ่อนตัวอยู่ในสถานที่นั้น ๆ (๙) ในสถานที่บูชาสาธารณะ สถานีรถไฟ ท่าอากาศยาน ที่จอดรถหรือเรือสาธารณะ สาธารณสถานสำหรับขนถ่ายสินค้า หรือในยวดยานสาธารณะ (๑๐) ที่ใช้หรือมีไว้เพื่อสาธารณประโยชน์ (๑๑) ที่เป็นของนายจ้างหรือที่อยู่ในความครอบครองของนายจ้าง (๑๒) ที่เป็นของผู้มีอาชีพกสิกรรม บรรดาที่เป็นผลิตภัณฑ์ พืชพันธุ์ สัตว์ หรือเครื่องมืออันมีไว้สำหรับประกอบกสิกรรมหรือได้มาจากการกสิกรรมนั้น ต้องระวางโทษจำคุกตั้งแต่หกเดือนถึงห้าปี และปรับตั้งแต่หนึ่งพันบาทถึงหนึ่งหมื่นบาท ถ้าความผิดนั้นเป็นการกระทำที่ประกอบด้วยลักษณะดังที่บัญญัติไว้ในอนุมาตราดังกล่าวแล้วตั้งแต่สองอนุมาตราขึ้นไป ผู้กระทำต้องระวางโทษจำคุก ตั้งแต่หกเดือนถึงเจ็ดปี และปรับตั้งแต่หนึ่งพันบาทถึงหนึ่งหมื่นสี่พันบาท ถ้าการกระทำความผิดดังกล่าวในมาตรานี้ เป็นการกระทำโดยความจำใจ หรือความยากจนเหลือทนทาน และทรัพย์นั้นมีราคาเล็กน้อย ศาลจะลงโทษผู้กระทำความผิดดังที่บัญญัติไว้ในมาตรา ๓๓๔ ก็ได้
CC-335-01,CC,335,2-12-1,2525-08-07,2530-09-01,พ.ร.บ.แก้ไขเพิ่มเติมประมวลกฎหมายอาญา (ฉบับที่ 5) พ.ศ.2525,ผู้ใดลักทรัพย์ (๑) ในเวลากลางคืน (๒) ในที่หรือบริเวณที่มีเหตุเพลิงไหม้ การระเบิด อุทกภัย หรือในที่หรือบริเวณที่มีอุบัติเหตุ เหตุทุกขภัยแก่รถไฟ หรือยานพาหนะอื่น ที่ประชาชนโดยสาร หรือภัยพิบัติอื่นทำนองเดียวกันหรืออาศัยโอกาสที่มีเหตุเช่นว่านั้น หรืออาศัยโอกาสที่ประชาชนกำลังตื่นกลัวภยันอันตรายใด ๆ (๓) โดยทำอันตรายสิ่งกีดกั้นสำหรับคุ้มครองบุคคลหรือทรัพย์ หรือโดยผ่านสิ่งเช่นว่านั้นเข้าไปด้วยประการใด ๆ (๔) โดยเข้าทางช่องทางซึ่งได้ทำขึ้นโดยไม่ได้จำนงให้เป็นทางคนเข้า หรือเข้าทางช่องทางซึ่งผู้เป็นใจเปิดไว้ให้ (๕) โดยแปลงตัวหรือปลอมตัวเป็นผู้อื่น มอมหน้าหรือทำด้วยประการอื่นเพื่อไม่ให้เห็นหรือจำหน้าได้ (๖) โดยลวงว่าเป็นเจ้าพนักงาน (๗) โดยมีอาวุธ หรือโดยร่วมกระทำความผิดด้วยกันตั้งแต่สองคนขึ้นไป (๘) ในเคหสถาน สถานที่ราชการหรือสถานที่ที่จัดไว้เพื่อให้บริการสาธารณที่ตนได้เข้าไปโดยไม่ได้รับอนุญาต หรือซ่อนตัวอยู่ในสถานที่นั้น ๆ (๙) ในสถานที่บูชาสาธารณ สถานีรถไฟ ท่าอากาศยานที่จอดรถหรือเรือสาธารณะ สาธารณสถานสำหรับขนถ่ายสินค้า หรือในยวดยานสาธารณะ (๑๐) ที่ใช้หรือมีไว้เพื่อสาธารณประโยชน์ (๑๑) ที่เป็นของนายจ้างหรือที่อยู่ในความครอบครองของนายจ้าง (๑๒) ที่เป็นของผู้มีอาชีพกสิกรรม บรรดาที่เป็นผลิตภัณฑ์ พืชพันธุ์ สัตว์หรือเครื่องมืออันมีไว้สำหรับประกอบกสิกรรมหรือได้มาจากการกสิกรรมนั้น ต้องระวางโทษจำคุกตั้งแต่หนึ่งปีถึงห้าปี และปรับตั้งแต่สองพันบาทถึงหนึ่งหมื่นบาท ถ้าความผิดตามวรรคแรกเป็นการกระทำที่ประกอบด้วยลักษณะดังที่บัญญัติไว้ในอนุมาตราดังกล่าวแล้วตั้งแต่สองอนุมาตราขึ้นไป ผู้กระทำต้องระวางโทษจำคุกตั้งแต่หนึ่งปีถึงเจ็ดปี และปรับตั้งแต่สองพันบาทถึงหนึ่งหมื่นสี่พันบาท ถ้าความผิดตามวรรคแรกเป็นการกระทำต่อทรัพย์ที่เป็นโค กระบือ เครื่องกล หรือเครื่องจักรที่ผู้มีอาชีพกสิกรรมมีไว้สำหรับประกอบกสิกรรม ผู้กระทำต้องระวางโทษจำคุกตั้งแต่หนึ่งปีถึงสิบปี และปรับตั้งแต่สองพันบาทถึงสองหมื่นบาท ถ้าการกระทำความผิดดังกล่าวในมาตรานี้ เป็นการกระทำโดยความจำใจ หรือความยากจนเหลือทนทาน และทรัพย์นั้นมีราคาเล็กน้อย ศาลจะลงโทษผู้กระทำความผิดดังที่บัญญัติไว้ในมาตรา ๓๓๔ ก็ได้
CC-335-02,CC,335,2-12-1,2530-09-02,2560-03-20,พ.ร.บ.แก้ไขเพิ่มเติมประมวลกฎหมายอาญา (ฉบับที่ 7) พ.ศ.2530,ผู้ใดลักทรัพย์ (๑) ในเวลากลางคืน (๒) ในที่หรือบริเวณที่มีเหตุเพลิงไหม้ การระเบิด อุทกภัย หรือในที่หรือบริเวณที่มีอุบัติเหตุ เหตุทุกขภัยแก่รถไฟ หรือยานพาหนะอื่น ที่ประชาชนโดยสาร หรือภัยพิบัติอื่นทำนองเดียวกันหรืออาศัยโอกาสที่มีเหตุเช่นว่านั้น หรืออาศัยโอกาสที่ประชาชนกำลังตื่นกลัวภยันอันตรายใด ๆ (๓) โดยทำอันตรายสิ่งกีดกั้นสำหรับคุ้มครองบุคคลหรือทรัพย์ หรือโดยผ่านสิ่งเช่นว่านั้นเข้าไปด้วยประการใด ๆ (๔) โดยเข้าทางช่องทางซึ่งได้ทำขึ้นโดยไม่ได้จำนงให้เป็นทางคนเข้า หรือเข้าทางช่องทางซึ่งผู้เป็นใจเปิดไว้ให้ (๕) โดยแปลงตัวหรือปลอมตัวเป็นผู้อื่น มอมหน้าหรือทำด้วยประการอื่นเพื่อไม่ให้เห็นหรือจำหน้าได้ (๖) โดยลวงว่าเป็นเจ้าพนักงาน (๗) โดยมีอาวุธ หรือโดยร่วมกระทำความผิดด้วยกันตั้งแต่สองคนขึ้นไป (๘) ในเคหสถาน สถานที่ราชการหรือสถานที่ที่จัดไว้เพื่อให้บริการสาธารณที่ตนได้เข้าไปโดยไม่ได้รับอนุญาต หรือซ่อนตัวอยู่ในสถานที่นั้น ๆ (๙) ในสถานที่บูชาสาธารณ สถานีรถไฟ ท่าอากาศยานที่จอดรถหรือเรือสาธารณะ สาธารณสถานสำหรับขนถ่ายสินค้า หรือในยวดยานสาธารณะ (๑๐) ที่ใช้หรือมีไว้เพื่อสาธารณประโยชน์ (๑๑) ที่เป็นของนายจ้างหรือที่อยู่ในความครอบครองของนายจ้าง (๑๒) ที่เป็นของผู้มีอาชีพกสิกรรม บรรดาที่เป็นผลิตภัณฑ์ พืชพันธุ์ สัตว์หรือเครื่องมืออันมีไว้สำหรับประกอบกสิกรรมหรือได้มาจากการกสิกรรมนั้น ต้องระวางโทษจำคุกตั้งแต่หนึ่งปีถึงห้าปี และปรับตั้งแต่สองพันบาทถึงหนึ่งหมื่นบาท ถ้าความผิดตามวรรคแรกเป็นการกระทำที่ประกอบด้วยลักษณะดังที่บัญญัติไว้ในอนุมาตราดังกล่าวแล้วตั้งแต่สองอนุมาตราขึ้นไป ผู้กระทำต้องระวางโทษจำคุกตั้งแต่หนึ่งปีถึงเจ็ดปี และปรับตั้งแต่สองพันบาทถึงหนึ่งหมื่นสี่พันบาท ถ้าความผิดตามวรรคแรกเป็นการกระทำต่อทรัพย์ที่เป็นโค กระบือ เครื่องกล หรือเครื่องจักรที่ผู้มีอาชีพกสิกรรมมีไว้สำหรับประกอบกสิกรรม ผู้กระทำต้องระวางโทษจำคุกตั้งแต่สามปีถึงสิบปี และปรับตั้งแต่หกพันบาทถึงสองหมื่นบาท ถ้าการกระทำความผิดดังกล่าวในมาตรานี้ เป็นการกระทำโดยความจำใจ หรือความยากจนเหลือทนทาน และทรัพย์นั้นมีราคาเล็กน้อย ศาลจะลงโทษผู้กระทำความผิดดังที่บัญญัติไว้ในมาตรา ๓๓๔ ก็ได้
CC-335-03,CC,335,2-12-1,2560-03-21,0000-00-00,พ.ร.บ.แก้ไขเพิ่มเติมประมวลกฎหมายอาญา (ฉบับที่ 26) พ.ศ.2560,ผู้ใดลักทรัพย์ (๑) ในเวลากลางคืน (๒) ในที่หรือบริเวณที่มีเหตุเพลิงไหม้ การระเบิด อุทกภัย หรือในที่หรือบริเวณที่มีอุบัติเหตุ เหตุทุกขภัยแก่รถไฟ หรือยานพาหนะอื่น ที่ประชาชนโดยสาร หรือภัยพิบัติอื่นทำนองเดียวกันหรืออาศัยโอกาสที่มีเหตุเช่นว่านั้น หรืออาศัยโอกาสที่ประชาชนกำลังตื่นกลัวภยันอันตรายใด ๆ (๓) โดยทำอันตรายสิ่งกีดกั้นสำหรับคุ้มครองบุคคลหรือทรัพย์ หรือโดยผ่านสิ่งเช่นว่านั้นเข้าไปด้วยประการใด ๆ (๔) โดยเข้าทางช่องทางซึ่งได้ทำขึ้นโดยไม่ได้จำนงให้เป็นทางคนเข้า หรือเข้าทางช่องทางซึ่งผู้เป็นใจเปิดไว้ให้ (๕) โดยแปลงตัวหรือปลอมตัวเป็นผู้อื่น มอมหน้าหรือทำด้วยประการอื่นเพื่อไม่ให้เห็นหรือจำหน้าได้ (๖) โดยลวงว่าเป็นเจ้าพนักงาน (๗) โดยมีอาวุธ หรือโดยร่วมกระทำความผิดด้วยกันตั้งแต่สองคนขึ้นไป (๘) ในเคหสถาน สถานที่ราชการหรือสถานที่ที่จัดไว้เพื่อให้บริการสาธารณที่ตนได้เข้าไปโดยไม่ได้รับอนุญาต หรือซ่อนตัวอยู่ในสถานที่นั้น ๆ (๙) ในสถานที่บูชาสาธารณ สถานีรถไฟ ท่าอากาศยานที่จอดรถหรือเรือสาธารณะ สาธารณสถานสำหรับขนถ่ายสินค้า หรือในยวดยานสาธารณะ (๑๐) ที่ใช้หรือมีไว้เพื่อสาธารณประโยชน์ (๑๑) ที่เป็นของนายจ้างหรือที่อยู่ในความครอบครองของนายจ้าง (๑๒) ที่เป็นของผู้มีอาชีพกสิกรรม บรรดาที่เป็นผลิตภัณฑ์ พืชพันธุ์ สัตว์หรือเครื่องมืออันมีไว้สำหรับประกอบกสิกรรมหรือได้มาจากการกสิกรรมนั้น ต้องระวางโทษจำคุกตั้งแต่หนึ่งปีถึงห้าปี และปรับตั้งแต่สองหมื่นบาทถึงหนึ่งแสนบาท ถ้าความผิดตามวรรคแรกเป็นการกระทำที่ประกอบด้วยลักษณะดังที่บัญญัติไว้ในอนุมาตราดังกล่าวแล้วตั้งแต่สองอนุมาตราขึ้นไป ผู้กระทำต้องระวางโทษจำคุกตั้งแต่หนึ่งปีถึงเจ็ดปี และปรับตั้งแต่สองหมื่นบาทถึงหนึ่งแสนสี่หมื่นบาท ถ้าความผิดตามวรรคแรกเป็นการกระทำต่อทรัพย์ที่เป็นโค กระบือ เครื่องกล หรือเครื่องจักรที่ผู้มีอาชีพกสิกรรมมีไว้สำหรับประกอบกสิกรรม ผู้กระทำต้องระวางโทษจำคุกตั้งแต่สามปีถึงสิบปี และปรับตั้งแต่หกหมื่นบาทถึงสองแสนบาท ถ้าการกระทำความผิดดังกล่าวในมาตรานี้ เป็นการกระทำโดยความจำใจ หรือความยากจนเหลือทนทาน และทรัพย์นั้นมีราคาเล็กน้อย ศาลจะลงโทษผู้กระทำความผิดดังที่บัญญัติไว้ในมาตรา ๓๓๔ ก็ได้
CC-335bis-00,CC,335 ทวิ,2-12-1,2512-12-17,2525-08-06,พ.ร.บ.แก้ไขเพิ่มเติมประมวลกฎหมายอาญา (ฉบับที่ 2) พ.ศ.2512,ผู้ใดลักทรัพย์ที่เป็นพระพุทธรูปหรือวัตถุในทางศาสนา ถ้าทรัพย์นั้นเป็นที่สักการะบูชาของประชาชนหรือเก็บรักษาไว้เป็นสมบัติของชาติ หรือส่วนหนึ่งส่วนใดของพระพุทธรูปหรือวัตถุดังกล่าว ต้องระวางโทษจำคุกตั้งแต่หนึ่งปีถึงสิบปี และปรับตั้งแต่สองพันบาทถึงสองหมื่นบาท ถ้าความผิดตามวรรคหนึ่งได้กระทำในวัด สำนักสงฆ์ สถานอันเป็นที่เคารพในทางศาสนา โบราณสถานอันเป็นทรัพย์สินของแผ่นดิน สถานที่ราชการ หรือพิพิธภัณฑสถานแห่งชาติผู้กระทำต้องระวางโทษจำคุกตั้งแต่สามปีถึงสิบห้าปี และปรับตั้งแต่หกพันบาทถึงสามหมื่นบาท
CC-335bis-01,CC,335 ทวิ,2-12-1,2525-08-07,2560-03-20,พ.ร.บ.แก้ไขเพิ่มเติมประมวลกฎหมายอาญา (ฉบับที่ 5) พ.ศ.2525,ผู้ใดลักทรัพย์ที่เป็นพระพุทธรูปหรือวัตถุในทางศาสนา ถ้าทรัพย์นั้นเป็นที่สักการะบูชาของประชาชน หรือเก็บรักษาไว้เป็นสมบัติของชาติ หรือส่วนหนึ่งส่วนใดของพระพุทธรูป หรือวัตถุดังกล่าว ต้องระวางโทษจำคุกตั้งแต่สามปีถึงสิบปี และปรับตั้งแต่หกพันบาทถึงสองหมื่นบาท ถ้าการกระทำความผิดตามวรรคแรก ได้กระทำในวัด สำนักสงฆ์ สถานอันเป็นที่เคารพในทางศาสนา โบราณสถานอันเป็นทรัพย์สินของแผ่นดิน สถานที่ราชการหรือพิพิธภัณฑสถานแห่งชาติ ผู้กระทำต้องระวางโทษจำคุกตั้งแต่ห้าปีถึงสิบห้าปี และปรับตั้งแต่หนึ่งหมื่นบาทถึงสามหมื่นบาท
CC-335bis-02,CC,335 ทวิ,2-12-1,2560-03-21,0000-00-00,พ.ร.บ.แก้ไขเพิ่มเติมประมวลกฎหมายอาญา (ฉบับที่ 26) พ.ศ.2560,ผู้ใดลักทรัพย์ที่เป็นพระพุทธรูปหรือวัตถุในทางศาสนา ถ้าทรัพย์นั้นเป็นที่สักการะบูชาของประชาชน หรือเก็บรักษาไว้เป็นสมบัติของชาติ หรือส่วนหนึ่งส่วนใดของพระพุทธรูป หรือวัตถุดังกล่าว ต้องระวางโทษจำคุกตั้งแต่สามปีถึงสิบปี และปรับตั้งแต่หกหมื่นบาทถึงสองแสนบาท ถ้าการกระทำความผิดตามวรรคแรก ได้กระทำในวัด สำนักสงฆ์ สถานอันเป็นที่เคารพในทางศาสนา โบราณสถานอันเป็นทรัพย์สินของแผ่นดิน สถานที่ราชการหรือพิพิธภัณฑสถานแห่งชาติ ผู้กระทำต้องระวางโทษจำคุกตั้งแต่ห้าปีถึงสิบห้าปี และปรับตั้งแต่หนึ่งแสนบาทถึงสามแสนบาท
CC-336-00,CC,336,2-12-1,2500-01-01,2560-03-20,,ผู้ใดลักทรัพย์โดยฉกฉวยเอาซึ่งหน้า ผู้นั้นกระทำความผิดฐานวิ่งราวทรัพย์ ต้องระวางโทษจำคุกไม่เกินห้าปี และปรับไม่เกินหนึ่งหมื่นบาท ถ้าการวิ่งราวทรัพย์เป็นเหตุให้ผู้อื่นรับอันตรายแก่กายหรือจิตใจ ผู้กระทำต้องระวางโทษจำคุกตั้งแต่สองปีถึงเจ็ดปี และปรับตั้งแต่สี่พันบาทถึงหนึ่งหมื่นสี่พันบาท ถ้าการวิ่งราวทรัพย์เป็นเหตุให้ผู้อื่นรับอันตรายสาหัส ผู้กระทำต้องระวางโทษจำคุกตั้งแต่สามปีถึงสิบปี และปรับตั้งแต่หกพันบาทถึงสองหมื่นบาท ถ้าการวิ่งราวทรัพย์เป็นเหตุให้ผู้อื่นถึงแก่ความตาย ผู้กระทำต้องระวางโทษจำคุกตั้งแต่ห้าปีถึงสิบห้าปี และปรับตั้งแต่หนึ่งหมื่นบาทถึงสามหมื่นบาท
CC-336-01,CC,336,2-12-1,2560-03-21,0000-00-00,พ.ร.บ.แก้ไขเพิ่มเติมประมวลกฎหมายอาญา (ฉบับที่ 26) พ.ศ.2560,ผู้ใดลักทรัพย์โดยฉกฉวยเอาซึ่งหน้า ผู้นั้นกระทำความผิดฐานวิ่งราวทรัพย์ ต้องระวางโทษจำคุกไม่เกินห้าปี และปรับไม่เกินหนึ่งแสนบาท ถ้าการวิ่งราวทรัพย์เป็นเหตุให้ผู้อื่นรับอันตรายแก่กายหรือจิตใจ ผู้กระทำต้องระวางโทษจำคุกตั้งแต่สองปีถึงเจ็ดปี และปรับตั้งแต่สี่หมื่นบาทถึงหนึ่งแสนสี่หมื่นบาท ถ้าการวิ่งราวทรัพย์เป็นเหตุให้ผู้อื่นรับอันตรายสาหัส ผู้กระทำต้องระวางโทษจำคุกตั้งแต่สามปีถึงสิบปี และปรับตั้งแต่หกหมื่นบาทถึงสองแสนบาท ถ้าการวิ่งราวทรัพย์เป็นเหตุให้ผู้อื่นถึงแก่ความตาย ผู้กระทำต้องระวางโทษจำคุกตั้งแต่ห้าปีถึงสิบห้าปี และปรับตั้งแต่หนึ่งแสนบาทถึงสามแสนบาท
CC-336bis-00,CC,336 ทวิ,2-12-1,2514-11-22,0000-00-00,ประกาศของคณะปฏิวัติ ฉบับที่ 11 ลงวันที่ 21 พฤศจิกายน พ.ศ.2514,ผู้ใดกระทำความผิดตามมาตรา ๓๓๔ มาตรา ๓๓๕ มาตรา ๓๓๕ ทวิ หรือมาตรา ๓๓๖ โดยแต่งเครื่องแบบทหารหรือตำรวจหรือแต่งกายให้เข้าใจว่าเป็นทหารหรือตำรวจ หรือโดยมีหรือใช้อาวุธปืนหรือวัตถุระเบิด หรือโดยใช้ยานพาหนะเพื่อสะดวกแก่การกระทำผิดหรือการพาทรัพย์นั้นไป หรือเพื่อให้พ้นการจับกุม ต้องระวางโทษหนักกว่าที่บัญญัติไว้ในมาตรานั้น ๆ กึ่งหนึ่ง
CC-337-00,CC,337,2-12-2,2500-01-01,2560-03-20,,ผู้ใดข่มขืนใจผู้อื่นให้ยอมให้หรือยอมจะให้ตนหรือผู้อื่นได้ประโยชน์ในลักษณะที่เป็นทรัพย์สิน โดยใช้กำลังประทุษร้ายหรือโดยขู่เข็ญว่าจะทำอันตรายต่อชีวิต ร่างกาย เสรีภาพ ชื่อเสียงหรือทรัพย์สินของผู้ถูกขู่เข็ญหรือของบุคคลที่สาม จนผู้ถูกข่มขืนใจยอมเช่นว่านั้น ผู้นั้นกระทำความผิดฐานกรรโชกต้องระวางโทษจำคุกไม่เกินห้าปี และปรับไม่เกินหนึ่งหมื่นบาท ถ้าความผิดฐานกรรโชกได้กระทำโดย (๑) ขู่ว่าจะฆ่า ขู่ว่าจะทำร้ายร่างกายให้ผู้ถูกข่มขืนใจหรือผู้อื่นให้ได้รับอันตรายสาหัส หรือขู่ว่าจะทำให้เกิดเพลิงไหม้แก่ทรัพย์ของผู้ถูกข่มขืนใจหรือผู้อื่น หรือ (๒) มีอาวุธติดตัวมาขู่เข็ญ ผู้กระทำต้องระวางโทษจำคุกตั้งแต่หกเดือนถึงเจ็ดปีและปรับตั้งแต่หนึ่งพันบาทถึงหนึ่งหมื่นสี่พันบาท
CC-337-01,CC,337,2-12-2,2560-03-21,0000-00-00,พ.ร.บ.แก้ไขเพิ่มเติมประมวลกฎหมายอาญา (ฉบับที่ 26) พ.ศ.2560,ผู้ใดข่มขืนใจผู้อื่นให้ยอมให้หรือยอมจะให้ตนหรือผู้อื่นได้ประโยชน์ในลักษณะที่เป็นทรัพย์สิน โดยใช้กำลังประทุษร้าย หรือโดยขู่เข็ญว่าจะทำอันตรายต่อชีวิต ร่างกาย เสรีภาพ ชื่อเสียงหรือทรัพย์สินของผู้ถูกขู่เข็ญหรือของบุคคลที่สาม จนผู้ถูกข่มขืนใจยอมเช่นว่านั้น ผู้นั้นกระทำความผิดฐานกรรโชก ต้องระวางโทษจำคุกไม่เกินห้าปี และปรับไม่เกินหนึ่งแสนบาท ถ้าความผิดฐานกรรโชกได้กระทำโดย (๑) ขู่ว่าจะฆ่า ขู่ว่าจะทำร้ายร่างกายให้ผู้ถูกข่มขืนใจ หรือผู้อื่นให้ได้รับอันตรายสาหัส หรือขู่ว่าจะทำให้เกิดเพลิงไหม้แก่ทรัพย์ของผู้ถูกข่มขืนใจหรือผู้อื่น หรือ (๒) มีอาวุธติดตัวมาขู่เข็ญ ผู้กระทำต้องระวางโทษจำคุกตั้งแต่หกเดือนถึงเจ็ดปี และปรับตั้งแต่หนึ่งหมื่นบาทถึงหนึ่งแสนสี่หมื่นบาท
CC-338-00,CC,338,2-12-2,2500-01-01,2560-03-20,,ผู้ใดข่มขืนใจผู้อื่น ให้ยอมให้ หรือยอมจะให้ตนหรือผู้อื่นได้ประโยชน์ในลักษณะที่เป็นทรัพย์สิน โดยขู่เข็ญว่าจะเปิดเผยความลับซึ่งการเปิดเผยนั้นจะทำให้ผู้ถูกขู่เข็ญหรือบุคคลที่สามเสียหาย จนผู้ถูกข่มขืนใจยอมเช่นว่านั้น ผู้นั้นกระทำความผิดฐานรีดเอาทรัพย์ ต้องระวางโทษจำคุกตั้งแต่หนึ่งปีถึงสิบปี และปรับตั้งแต่สองพันบาทถึงสองหมื่นบาท
CC-338-01,CC,338,2-12-2,2560-03-21,0000-00-00,พ.ร.บ.แก้ไขเพิ่มเติมประมวลกฎหมายอาญา (ฉบับที่ 26) พ.ศ.2560,ผู้ใดข่มขืนใจผู้อื่น ให้ยอมให้ หรือยอมจะให้ตนหรือผู้อื่นได้ประโยชน์ในลักษณะที่เป็นทรัพย์สิน โดยขู่เข็ญว่าจะเปิดเผยความลับซึ่งการเปิดเผยนั้นจะทำให้ผู้ถูกขู่เข็ญหรือบุคคลที่สามเสียหาย จนผู้ถูกข่มขืนใจยอมเช่นว่านั้น ผู้นั้นกระทำความผิดฐานรีดเอาทรัพย์ ต้องระวางโทษจำคุกตั้งแต่หนึ่งปีถึงสิบปี และปรับตั้งแต่สองหมื่นบาทถึงสองแสนบาท
CC-339-00,CC,339,2-12-2,2500-01-01,2514-11-21,,ผู้ใดลักทรัพย์โดยใช้กำลังประทุษร้ายหรือขู่เข็ญว่าในทันใดนั้นจะใช้กำลังประทุษร้าย เพื่อ (๑) ให้ความสะดวกแก่การลักทรัพย์หรือการพาทรัพย์นั้นไป (๒) ให้ยื่นให้ซึ่งทรัพย์นั้น (๓) ยึดถือเอาทรัพย์นั้นไว้ (๔) ปกปิดการกระทำความผิดนั้น หรือ (๕) ให้พ้นจากการจับกุม ผู้นั้นกระทำความผิดฐานชิงทรัพย์ ต้องระวางโทษจำคุกตั้งแต่หนึ่งปีถึงเจ็ดปี และปรับตั้งแต่สองพันบาทถึงหนึ่งหมื่นสี่พันบาท ถ้าความผิดนั้นเป็นการกระทำที่ประกอบด้วยลักษณะดังที่บัญญัติไว้ในอนุมาตราหนึ่งอนุมาตราใดแห่งมาตรา ๓๓๕ ผู้กระทำต้องระวางโทษจำคุกตั้งแต่หนึ่งปีถึงสิบปี และปรับตั้งแต่สองพันบาทถึงสองหมื่นบาท ถ้าการชิงทรัพย์เป็นเหตุให้ผู้อื่นรับอันตรายแก่กายหรือจิตใจ ผู้กระทำต้องระวางโทษจำคุกตั้งแต่สองปีถึงสิบปี และปรับตั้งแต่สี่พันบาทถึงสองหมื่นบาท ถ้าการชิงทรัพย์เป็นเหตุให้ผู้อื่นรับอันตรายสาหัส ผู้กระทำต้องระวางโทษจำคุกตั้งแต่สามปีถึงสิบห้าปี และปรับตั้งแต่หกพันบาทถึงสามหมื่นบาท  ถ้าการชิงทรัพย์เป็นเหตุให้ผู้อื่นถึงแก่ความตาย ผู้กระทำต้องระวางโทษจำคุกตั้งแต่ห้าปีถึงยี่สิบปี และปรับตั้งแต่หนึ่งหมื่นบาทถึงสี่หมื่นบาท
CC-339-01,CC,339,2-12-2,2514-11-22,2525-08-06,ประกาศของคณะปฏิวัติ ฉบับที่ 11 ลงวันที่ 21 พฤศจิกายน พ.ศ.2514,ผู้ใดลักทรัพย์โดยใช้กำลังประทุษร้าย หรือขู่เข็ญว่าในทันใดนั้นจะใช้กำลังประทุษร้าย เพื่อ (๑) ให้ความสะดวกแก่การลักทรัพย์หรือการพาทรัพย์นั้นไป (๒) ให้ยื่นให้ซึ่งทรัพย์นั้น (๓) ยึดถือเอาทรัพย์นั้นไว้ (๔) ปกปิดการกระทำความผิดนั้น หรือ (๕) ให้พ้นจากการจับกุม ผู้นั้นกระทำความผิดฐานชิงทรัพย์ ต้องระวางโทษจำคุกตั้งแต่ห้าปีถึงสิบปี และปรับตั้งแต่หนึ่งหมื่นบาทถึงสองหมื่นบาท ถ้าความผิดนั้นเป็นการกระทำที่ประกอบด้วยลักษณะดังที่บัญญัติไว้ในอนุมาตราหนึ่งอนุมาตราใดแห่งมาตรา ๓๓๕ ผู้กระทำต้องระวางโทษจำคุกตั้งแต่สิบปีถึงสิบห้าปี และปรับตั้งแต่สองหมื่นบาทถึงสามหมื่นบาท ถ้าการชิงทรัพย์เป็นเหตุให้ผู้อื่นรับอันตรายแก่กายหรือจิตใจ ผู้กระทำต้องระวางโทษจำคุกตั้งแต่สิบปีถึงยี่สิบปี และปรับตั้งแต่สองหมื่นบาทถึงสี่หมื่นบาท ถ้าการชิงทรัพย์เป็นเหตุให้ผู้อื่นรับอันตรายสาหัส ผู้กระทำต้องระวางโทษจำคุกตั้งแต่สิบห้าปีถึงยี่สิบปี และปรับตั้งแต่สามหมื่นบาทถึงสี่หมื่นบาท ถ้าการชิงทรัพย์เป็นเหตุให้ผู้อื่นถึงแก่ความตาย ผู้กระทำต้องระวางโทษประหารชีวิตหรือจำคุกตลอดชีวิต
CC-339-02,CC,339,2-12-2,2525-08-07,2560-03-20,พ.ร.บ.แก้ไขเพิ่มเติมประมวลกฎหมายอาญา (ฉบับที่ 5) พ.ศ.2525,ผู้ใดลักทรัพย์โดยใช้กำลังประทุษร้าย หรือขู่เข็ญว่าในทันใดนั้นจะใช้กำลังประทุษร้าย เพื่อ (๑) ให้ความสะดวกแก่การลักทรัพย์หรือการพาทรัพย์นั้นไป (๒) ให้ยื่นให้ซึ่งทรัพย์นั้น (๓) ยึดถือเอาทรัพย์นั้นไว้ (๔) ปกปิดการกระทำความผิดนั้น หรือ (๕) ให้พ้นจากการจับกุม ผู้นั้นกระทำความผิดฐานชิงทรัพย์ ต้องระวางโทษจำคุกตั้งแต่ห้าปีถึงสิบปี และปรับตั้งแต่หนึ่งหมื่นบาทถึงสองหมื่นบาท ถ้าความผิดนั้นเป็นการกระทำที่ประกอบด้วยลักษณะดังที่บัญญัติไว้ในอนุมาตราหนึ่งอนุมาตราใดแห่งมาตรา ๓๓๕ หรือเป็นการกระทำต่อทรัพย์ที่เป็นโค กระบือ เครื่องกลหรือเครื่องจักรที่ผู้มีอาชีพกสิกรรมมีไว้สำหรับประกอบกสิกรรม ผู้กระทำต้องระวางโทษจำคุกตั้งแต่สิบปีถึงสิบห้าปี และปรับตั้งแต่สองหมื่นบาทถึงสามหมื่นบาท ถ้าการชิงทรัพย์เป็นเหตุให้ผู้อื่นรับอันตรายแก่กายหรือจิตใจ ผู้กระทำต้องระวางโทษจำคุกตั้งแต่สิบปีถึงยี่สิบปี และปรับตั้งแต่สองหมื่นบาทถึงสี่หมื่นบาท ถ้าการชิงทรัพย์เป็นเหตุให้ผู้อื่นรับอันตรายสาหัส ผู้กระทำต้องระวางโทษจำคุกตั้งแต่สิบห้าปีถึงยี่สิบปี และปรับตั้งแต่สามหมื่นบาทถึงสี่หมื่นบาท ถ้าการชิงทรัพย์เป็นเหตุให้ผู้อื่นถึงแก่ความตาย ผู้กระทำต้องระวางโทษประหารชีวิตหรือจำคุกตลอดชีวิต
CC-339-03,CC,339,2-12-2,2560-03-21,0000-00-00,พ.ร.บ.แก้ไขเพิ่มเติมประมวลกฎหมายอาญา (ฉบับที่ 26) พ.ศ.2560,ผู้ใดลักทรัพย์โดยใช้กำลังประทุษร้าย หรือขู่เข็ญว่าในทันใดนั้นจะใช้กำลังประทุษร้าย เพื่อ (๑) ให้ความสะดวกแก่การลักทรัพย์หรือการพาทรัพย์นั้นไป (๒) ให้ยื่นให้ซึ่งทรัพย์นั้น (๓) ยึดถือเอาทรัพย์นั้นไว้ (๔) ปกปิดการกระทำความผิดนั้น หรือ (๕) ให้พ้นจากการจับกุม ผู้นั้นกระทำความผิดฐานชิงทรัพย์ ต้องระวางโทษจำคุกตั้งแต่ห้าปีถึงสิบปี และปรับตั้งแต่หนึ่งแสนบาทถึงสองแสนบาท ถ้าความผิดนั้นเป็นการกระทำที่ประกอบด้วยลักษณะดังที่บัญญัติไว้ในอนุมาตราหนึ่งอนุมาตราใดแห่งมาตรา ๓๓๕ หรือเป็นการกระทำต่อทรัพย์ที่เป็นโค กระบือ เครื่องกลหรือเครื่องจักรที่ผู้มีอาชีพกสิกรรมมีไว้สำหรับประกอบกสิกรรม ผู้กระทำต้องระวางโทษจำคุกตั้งแต่สิบปีถึงสิบห้าปี และปรับตั้งแต่สองแสนบาทถึงสามแสนบาท ถ้าการชิงทรัพย์เป็นเหตุให้ผู้อื่นรับอันตรายแก่กายหรือจิตใจ ผู้กระทำต้องระวางโทษจำคุกตั้งแต่สิบปีถึงยี่สิบปี และปรับตั้งแต่สองแสนบาทถึงสี่แสนบาท ถ้าการชิงทรัพย์เป็นเหตุให้ผู้อื่นรับอันตรายสาหัส ผู้กระทำต้องระวางโทษจำคุกตั้งแต่สิบห้าปีถึงยี่สิบปี และปรับตั้งแต่สามแสนบาทถึงสี่แสนบาท ถ้าการชิงทรัพย์เป็นเหตุให้ผู้อื่นถึงแก่ความตาย ผู้กระทำต้องระวางโทษประหารชีวิต หรือจำคุกตลอดชีวิต
CC-340-00,CC,340,2-12-2,2500-01-01,2514-11-21,,ผู้ใดชิงทรัพย์โดยร่วมกระทำความผิดด้วยกันตั้งแต่สามคนขึ้นไป ผู้นั้นกระทำความผิดฐานปล้นทรัพย์ ต้องระวางโทษจำคุกตั้งแต่ห้าปีถึงสิบปี และปรับตั้งแต่หนึ่งหมื่นบาทถึงสองหมื่นบาท ถ้าในการปล้นทรัพย์ ผู้กระทำแม้แต่คนหนึ่งคนใดมีอาวุธติดตัวไปด้วย ผู้กระทำต้องระวางโทษจำคุกตั้งแต่สิบปีถึงสิบห้าปี และปรับตั้งแต่สองหมื่นบาทถึงสามหมื่นบาท ถ้าการปล้นทรัพย์เป็นเหตุให้ผู้อื่นรับอันตรายสาหัส ผู้กระทำต้องระวางโทษจำคุกตลอดชีวิต หรือจำคุกตั้งแต่สิบห้าปีถึงยี่สิบปี ถ้าการปล้นทรัพย์ได้กระทำโดยแสดงความทารุณจนเป็นเหตุให้ผู้อื่นรับอันตรายแก่กายหรือจิตใจ ใช้ปืนยิง ใช้วัตถุระเบิดหรือกระทำทรมาน ผู้กระทำต้องระวางโทษจำคุกตลอดชีวิต หรือจำคุกยี่สิบปี ถ้าการปล้นทรัพย์เป็นเหตุให้ผู้อื่นถึงแก่ความตาย ผู้กระทำต้องระวางโทษประหารชีวิต หรือจำคุกตลอดชีวิต
CC-340-01,CC,340,2-12-2,2514-11-22,2560-03-20,ประกาศของคณะปฏิวัติ ฉบับที่ 11 ลงวันที่ 21 พฤศจิกายน พ.ศ.2514,ผู้ใดชิงทรัพย์โดยร่วมกันกระทำความผิดด้วยกันตั้งแต่สามคนขึ้นไป ผู้นั้นกระทำความผิดฐานปล้นทรัพย์ต้องระวางโทษจำคุกตั้งแต่สิบปีถึงสิบห้าปี และปรับตั้งแต่สองหมื่นบาทถึงสามหมื่นบาท ถ้าในการปล้นทรัพย์ผู้กระทำแม้แต่คนหนึ่งคนใดมีอาวุธติดตัวไปด้วย ผู้กระทำต้องระวางโทษจำคุกตั้งแต่สิบสองปีถึงยี่สิบปี และปรับตั้งแต่สองหมื่นสี่พันบาทถึงสี่หมื่นบาท ถ้าการปล้นทรัพย์เป็นเหตุให้ผู้อื่นรับอันตรายสาหัส ผู้กระทำต้องระวางโทษจำคุกตลอดชีวิต หรือจำคุกตั้งแต่สิบห้าปีถึงยี่สิบปี ถ้าการปล้นทรัพย์ได้กระทำโดยแสดงความทารุณจนเป็นเหตุให้ผู้อื่นรับอันตรายแก่กายหรือจิตใจ ใช้ปืนยิง ใช้วัตถุระเบิด หรือกระทำทรมาน ผู้กระทำต้องระวางโทษจำคุกตลอดชีวิต หรือจำคุกตั้งแต่สิบห้าปีถึงยี่สิบปี ถ้าการปล้นทรัพย์เป็นเหตุให้ผู้อื่นถึงแก่ความตาย ผู้กระทำต้องระวางโทษประหารชีวิต
CC-340-02,CC,340,2-12-2,2560-03-21,0000-00-00,พ.ร.บ.แก้ไขเพิ่มเติมประมวลกฎหมายอาญา (ฉบับที่ 26) พ.ศ.2560,ผู้ใดชิงทรัพย์โดยร่วมกันกระทำความผิดด้วยกันตั้งแต่สามคนขึ้นไป ผู้นั้นกระทำความผิดฐานปล้นทรัพย์ ต้องระวางโทษจำคุกตั้งแต่สิบปีถึงสิบห้าปี และปรับตั้งแต่สองแสนบาทถึงสามแสนบาท ถ้าในการปล้นทรัพย์ ผู้กระทำแม้แต่คนหนึ่งคนใดมีอาวุธติดตัวไปด้วย ผู้กระทำต้องระวางโทษจำคุกตั้งแต่สิบสองปีถึงยี่สิบปี และปรับตั้งแต่สองแสนสี่หมื่นบาทถึงสี่แสนบาท ถ้าการปล้นทรัพย์เป็นเหตุให้ผู้อื่นรับอันตรายสาหัส ผู้กระทำต้องระวางโทษจำคุกตลอดชีวิต หรือจำคุกตั้งแต่สิบห้าปีถึงยี่สิบปี ถ้าการปล้นทรัพย์ได้กระทำโดยแสดงความทารุณจนเป็นเหตุให้ผู้อื่นรับอันตรายแก่กายหรือจิตใจ ใช้ปืนยิง ใช้วัตถุระเบิด หรือกระทำทรมาน ผู้กระทำต้องระวางโทษจำคุกตลอดชีวิต หรือจำคุกตั้งแต่สิบห้าปีถึงยี่สิบปี ถ้าการปล้นทรัพย์เป็นเหตุให้ผู้อื่นถึงแก่ความตาย ผู้กระทำต้องระวางโทษประหารชีวิต
CC-340ter-00,CC,340 ตรี,2-12-2,2514-11-22,0000-00-00,ประกาศของคณะปฏิวัติ ฉบับที่ 11 ลงวันที่ 21 พฤศจิกายน พ.ศ.2514,ผู้ใดกระทำความผิดตามมาตรา ๓๓๙ มาตรา ๓๓๙ ทวิ มาตรา ๓๔๐ หรือมาตรา ๓๔๐ ทวิ โดยแต่งเครื่องแบบทหารหรือตำรวจหรือแต่งกายให้เข้าใจว่าเป็นทหารหรือตำรวจ หรือโดยมีหรือใช้อาวุธปืนหรือวัตถุระเบิด หรือโดยใช้ยานพาหนะเพื่อกระทำผิด หรือพาทรัพย์นั้นไป หรือเพื่อให้พ้นการจับกุม ต้องระวางโทษหนักกว่าที่บัญญัติไว้ในมาตรานั้น ๆ กึ่งหนึ่ง
CC-341-00,CC,341,2-12-3,2500-01-01,2560-03-20,,ผู้ใดโดยทุจริต หลอกลวงผู้อื่นด้วยการแสดงข้อความอันเป็นเท็จ หรือปกปิดข้อความจริงซึ่งควรบอกให้แจ้ง และโดยการหลอกลวงดังว่านั้นได้ไปซึ่งทรัพย์สินจากผู้ถูกหลอกลวงหรือบุคคลที่สาม หรือทำให้ผู้ถูกหลอกลวงหรือบุคคลที่สาม ทำ ถอน หรือทำลายเอกสารสิทธิ ผู้นั้นกระทำความผิดฐานฉ้อโกง ต้องระวางโทษจำคุกไม่เกินสามปี หรือปรับไม่เกินหกพันบาท หรือทั้งจำทั้งปรับ
CC-341-01,CC,341,2-12-3,2560-03-21,0000-00-00,พ.ร.บ.แก้ไขเพิ่มเติมประมวลกฎหมายอาญา (ฉบับที่ 26) พ.ศ.2560,ผู้ใดโดยทุจริต หลอกลวงผู้อื่นด้วยการแสดงข้อความอันเป็นเท็จ หรือปกปิดข้อความจริงซึ่งควรบอกให้แจ้ง และโดยการหลอกลวงดังว่านั้นได้ไปซึ่งทรัพย์สินจากผู้ถูกหลอกลวงหรือบุคคลที่สาม หรือทำให้ผู้ถูกหลอกลวงหรือบุคคลที่สาม ทำ ถอน หรือทำลายเอกสารสิทธิ ผู้นั้นกระทำความผิดฐานฉ้อโกง ต้องระวางโทษจำคุกไม่เกินสามปี หรือปรับไม่เกินหกหมื่นบาท หรือทั้งจำทั้งปรับ
CC-342-00,CC,342,2-12-3,2500-01-01,2560-03-20,,ถ้าในการกระทำความผิดฐานฉ้อโกง ผู้กระทำ (๑) แสดงตนเป็นคนอื่น หรือ (๒) อาศัยความเบาปัญญาของผู้ถูกหลอกลวงซึ่งเป็นเด็ก หรืออาศัยความอ่อนแอแห่งจิตของผู้ถูกหลอกลวง ผู้กระทำต้องระวางโทษจำคุกไม่เกินห้าปี หรือปรับไม่เกินหนึ่งหมื่นบาท หรือทั้งจำทั้งปรับ
CC-342-01,CC,342,2-12-3,2560-03-21,0000-00-00,พ.ร.บ.แก้ไขเพิ่มเติมประมวลกฎหมายอาญา (ฉบับที่ 26) พ.ศ.2560,ถ้าในการกระทำความผิดฐานฉ้อโกง ผู้กระทำ (๑) แสดงตนเป็นคนอื่น หรือ (๒) อาศัยความเบาปัญญาของผู้ถูกหลอกลวงซึ่งเป็นเด็ก หรืออาศัยความอ่อนแอแห่งจิตของผู้ถูกหลอกลวง ผู้กระทำต้องระวางโทษจำคุกไม่เกินห้าปี หรือปรับไม่เกินหนึ่งแสนบาท หรือทั้งจำทั้งปรับ
CC-343-00,CC,343,2-12-3,2500-01-01,2560-03-20,,ถ้าการกระทำความผิดตามมาตรา ๓๔๑ ได้กระทำด้วยการแสดงข้อความอันเป็นเท็จต่อประชาชน หรือด้วยการปกปิดความจริงซึ่งควรบอกให้แจ้งแก่ประชาชน ผู้กระทำต้องระวางโทษจำคุกไม่เกินห้าปี หรือปรับไม่เกินหนึ่งหมื่นบาท หรือทั้งจำทั้งปรับ ถ้าการกระทำความผิดดังกล่าวในวรรคแรก ต้องด้วยลักษณะดังกล่าวในมาตรา ๓๔๒ อนุมาตราหนึ่งอนุมาตราใดด้วย ผู้กระทำต้องระวางโทษจำคุกตั้งแต่หกเดือนถึงเจ็ดปี และปรับตั้งแต่หนึ่งพันบาทถึงหนึ่งหมื่นสี่พันบาท
CC-343-01,CC,343,2-12-3,2560-03-21,0000-00-00,พ.ร.บ.แก้ไขเพิ่มเติมประมวลกฎหมายอาญา (ฉบับที่ 26) พ.ศ.2560,ถ้าการกระทำความผิดตามมาตรา ๓๔๑ ได้กระทำด้วยการแสดงข้อความอันเป็นเท็จต่อประชาชน หรือด้วยการปกปิดความจริงซึ่งควรบอกให้แจ้งแก่ประชาชน ผู้กระทำต้องระวางโทษจำคุกไม่เกินห้าปี หรือปรับไม่เกินหนึ่งแสนบาท หรือทั้งจำทั้งปรับ ถ้าการกระทำความผิดดังกล่าวในวรรคแรก ต้องด้วยลักษณะดังกล่าวในมาตรา ๓๔๒ อนุมาตราหนึ่งอนุมาตราใดด้วย ผู้กระทำต้องระวางโทษจำคุกตั้งแต่หกเดือนถึงเจ็ดปี และปรับตั้งแต่หนึ่งหมื่นบาทถึงหนึ่งแสนสี่หมื่นบาท
CC-344-00,CC,344,2-12-3,2500-01-01,2560-03-20,,ผู้ใดโดยทุจริต หลอกลวงบุคคลตั้งแต่สิบคนขึ้นไปให้ประกอบการงานอย่างใด ๆ ให้แก่ตนหรือให้แก่บุคคลที่สาม โดยจะไม่ใช้ค่าแรงงานหรือค่าจ้างแก่บุคคลเหล่านั้น หรือโดยจะใช้ค่าแรงงานหรือค่าจ้างแก่บุคคลเหล่านั้นต่ำกว่าที่ตกลงกัน ต้องระวางโทษจำคุกไม่เกินสามปี หรือปรับไม่เกินหกพันบาท หรือทั้งจำทั้งปรับ
CC-344-01,CC,344,2-12-3,2560-03-21,0000-00-00,พ.ร.บ.แก้ไขเพิ่มเติมประมวลกฎหมายอาญา (ฉบับที่ 26) พ.ศ.2560,ผู้ใดโดยทุจริต หลอกลวงบุคคลตั้งแต่สิบคนขึ้นไปให้ประกอบการงานอย่างใด ๆ ให้แก่ตนหรือให้แก่บุคคลที่สาม โดยจะไม่ใช้ค่าแรงงานหรือค่าจ้างแก่บุคคลเหล่านั้น หรือโดยจะใช้ค่าแรงงานหรือค่าจ้างแก่บุคคลเหล่านั้นต่ำกว่าที่ตกลงกัน ต้องระวางโทษจำคุกไม่เกินสามปี หรือปรับไม่เกินหกหมื่นบาท หรือทั้งจำทั้งปรับ
CC-345-00,CC,345,2-12-3,2500-01-01,2560-03-20,,ผู้ใดสั่งซื้อและบริโภคอาหารหรือเครื่องดื่ม หรือเข้าอยู่ในโรงแรม โดยรู้ว่าตนไม่สามารถชำระเงินค่าอาหาร ค่าเครื่องดื่ม หรือค่าอยู่ในโรงแรมนั้น ต้องระวางโทษจำคุกไม่เกินสามเดือน หรือปรับไม่เกินห้าร้อยบาท หรือทั้งจำทั้งปรับ
CC-345-01,CC,345,2-12-3,2560-03-21,0000-00-00,พ.ร.บ.แก้ไขเพิ่มเติมประมวลกฎหมายอาญา (ฉบับที่ 26) พ.ศ.2560,ผู้ใดสั่งซื้อและบริโภคอาหารหรือเครื่องดื่ม หรือเข้าอยู่ในโรงแรม โดยรู้ว่าตนไม่สามารถชำระเงินค่าอาหาร ค่าเครื่องดื่ม หรือค่าอยู่ในโรงแรมนั้น ต้องระวางโทษจำคุกไม่เกินสามเดือน หรือปรับไม่เกินห้าพันบาท หรือทั้งจำทั้งปรับ
CC-349-00,CC,349,2-12-4,2500-01-01,2560-03-20,,ผู้ใดเอาไปเสีย ทำให้เสียหาย ทำลาย ทำให้เสื่อมค่าหรือทำให้ไร้ประโยชน์ซึ่งทรัพย์อันตนจำนำไว้แก่ผู้อื่น ถ้าได้กระทำเพื่อให้เกิดความเสียหายแก่ผู้รับจำนำ ต้องระวางโทษจำคุกไม่เกินสองปี หรือปรับไม่เกินสี่พันบาท หรือทั้งจำทั้งปรับ
CC-349-01,CC,349,2-12-4,2560-03-21,0000-00-00,พ.ร.บ.แก้ไขเพิ่มเติมประมวลกฎหมายอาญา (ฉบับที่ 26) พ.ศ.2560,ผู้ใดเอาไปเสีย ทำให้เสียหาย ทำลาย ทำให้เสื่อมค่าหรือทำให้ไร้ประโยชน์ซึ่งทรัพย์อันตนจำนำไว้แก่ผู้อื่น ถ้าได้กระทำเพื่อให้เกิดความเสียหายแก่ผู้รับจำนำ ต้องระวางโทษจำคุกไม่เกินสองปี หรือปรับไม่เกินสี่หมื่นบาท หรือทั้งจำทั้งปรับ
CC-350-00,CC,350,2-12-4,2500-01-01,2560-03-20,,ผู้ใดเพื่อมิให้เจ้าหนี้ของตนหรือของผู้อื่นได้รับชำระหนี้ทั้งหมดหรือแต่บางส่วน ซึ่งได้ใช้หรือจะใช้สิทธิเรียกร้องทางศาลให้ชำระหนี้ ย้ายไปเสีย ซ่อนเร้น หรือโอนไปให้แก่ผู้อื่นซึ่งทรัพย์ใดก็ดี แกล้งให้ตนเองเป็นหนี้จำนวนใดอันไม่เป็นความจริงก็ดี ต้องระวางโทษจำคุกไม่เกินสองปี หรือปรับไม่เกินสี่พันบาท หรือทั้งจำทั้งปรับ
CC-350-01,CC,350,2-12-4,2560-03-21,0000-00-00,พ.ร.บ.แก้ไขเพิ่มเติมประมวลกฎหมายอาญา (ฉบับที่ 26) พ.ศ.2560,ผู้ใดเพื่อมิให้เจ้าหนี้ของตนหรือของผู้อื่นได้รับชำระหนี้ทั้งหมดหรือแต่บางส่วน ซึ่งได้ใช้หรือจะใช้สิทธิเรียกร้องทางศาลให้ชำระหนี้ ย้ายไปเสีย ซ่อนเร้น หรือโอนไปให้แก่ผู้อื่นซึ่งทรัพย์ใดก็ดี แกล้งให้ตนเองเป็นหนี้จำนวนใดอันไม่เป็นความจริงก็ดี ต้องระวางโทษจำคุกไม่เกินสองปี หรือปรับไม่เกินสี่หมื่นบาท หรือทั้งจำทั้งปรับ
CC-352-00,CC,352,2-12-5,2500-01-01,2560-03-20,,ผู้ใดครอบครองทรัพย์ซึ่งเป็นของผู้อื่น หรือซึ่งผู้อื่นเป็นเจ้าของรวมอยู่ด้วย เบียดบังเอาทรัพย์นั้นเป็นของตนหรือบุคคลที่สามโดยทุจริต ผู้นั้นกระทำความผิดฐานยักยอก ต้องระวางโทษจำคุกไม่เกินสามปี หรือปรับไม่เกินหกพันบาท หรือทั้งจำทั้งปรับ ถ้าทรัพย์นั้นได้ตกมาอยู่ในความครอบครองของผู้กระทำความผิด เพราะผู้อื่นส่งมอบให้โดยสำคัญผิดไปด้วยประการใด หรือเป็นทรัพย์สินหายซึ่งผู้กระทำความผิดเก็บได้ ผู้กระทำต้องระวางโทษแต่เพียงกึ่งหนึ่ง
CC-352-01,CC,352,2-12-5,2560-03-21,0000-00-00,พ.ร.บ.แก้ไขเพิ่มเติมประมวลกฎหมายอาญา (ฉบับที่ 26) พ.ศ.2560,ผู้ใดครอบครองทรัพย์ซึ่งเป็นของผู้อื่น หรือซึ่งผู้อื่นเป็นเจ้าของรวมอยู่ด้วย เบียดบังเอาทรัพย์นั้นเป็นของตนหรือบุคคลที่สามโดยทุจริต ผู้นั้นกระทำความผิดฐานยักยอก ต้องระวางโทษจำคุกไม่เกินสามปี หรือปรับไม่เกินหกหมื่นบาทหรือทั้งจำทั้งปรับ ถ้าทรัพย์นั้นได้ตกมาอยู่ในความครอบครองของผู้กระทำความผิด เพราะผู้อื่นส่งมอบให้โดยสำคัญผิดไปด้วยประการใด หรือเป็นทรัพย์สินหายซึ่งผู้กระทำความผิดเก็บได้ ผู้กระทำต้องระวางโทษแต่เพียงกึ่งหนึ่ง
CC-353-00,CC,353,2-12-5,2500-01-01,2560-03-20,,ผู้ใดได้รับมอบหมายให้จัดการทรัพย์สินของผู้อื่น หรือทรัพย์สินซึ่งผู้อื่นเป็นเจ้าของรวมอยู่ด้วย กระทำผิดหน้าที่ของตนด้วยประการใด ๆ โดยทุจริต จนเป็นเหตุให้เกิดความเสียหายแก่ประโยชน์ในลักษณะที่เป็นทรัพย์สินของผู้นั้น ต้องระวางโทษจำคุกไม่เกินสามปี หรือปรับไม่เกินหกพันบาท หรือทั้งจำทั้งปรับ
CC-353-01,CC,353,2-12-5,2560-03-21,0000-00-00,พ.ร.บ.แก้ไขเพิ่มเติมประมวลกฎหมายอาญา (ฉบับที่ 26) พ.ศ.2560,ผู้ใดได้รับมอบหมายให้จัดการทรัพย์สินของผู้อื่น หรือทรัพย์สินซึ่งผู้อื่นเป็นเจ้าของรวมอยู่ด้วย กระทำผิดหน้าที่ของตนด้วยประการใด ๆ โดยทุจริต จนเป็นเหตุให้เกิดความเสียหายแก่ประโยชน์ในลักษณะที่เป็นทรัพย์สินของผู้นั้น ต้องระวางโทษจำคุกไม่เกินสามปี หรือปรับไม่เกินหกหมื่นบาท หรือทั้งจำทั้งปรับ
CC-354-00,CC,354,2-12-5,2500-01-01,2560-03-20,,ถ้าการกระทำความผิดตามมาตรา ๓๕๒ หรือมาตรา ๓๕๓ ได้กระทำในฐานที่ผู้กระทำความผิดเป็นผู้จัดการทรัพย์สินของผู้อื่นตามคำสั่งของศาล หรือตามพินัยกรรม หรือในฐานเป็นผู้มีอาชีพหรือธุรกิจ อันย่อมเป็นที่ไว้วางใจของประชาชน ผู้กระทำต้องระวางโทษจำคุกไม่เกินห้าปี หรือปรับไม่เกินหนึ่งหมื่นบาท หรือทั้งจำทั้งปรับ
CC-354-01,CC,354,2-12-5,2560-03-21,0000-00-00,พ.ร.บ.แก้ไขเพิ่มเติมประมวลกฎหมายอาญา (ฉบับที่ 26) พ.ศ.2560,ถ้าการกระทำความผิดตามมาตรา ๓๕๒ หรือมาตรา ๓๕๓ ได้กระทำในฐานที่ผู้กระทำความผิดเป็นผู้จัดการทรัพย์สินของผู้อื่นตามคำสั่งของศาล หรือตามพินัยกรรม หรือในฐานเป็นผู้มีอาชีพหรือธุรกิจ อันย่อมเป็นที่ไว้วางใจของประชาชน ผู้กระทำต้องระวางโทษจำคุกไม่เกินห้าปี หรือปรับไม่เกินหนึ่งแสนบาท หรือทั้งจำทั้งปรับ
CC-355-00,CC,355,2-12-5,2500-01-01,2560-03-20,,ผู้ใดเก็บได้ซึ่งสังหาริมทรัพย์อันมีค่า อันซ่อนหรือฝังไว้โดยพฤติการณ์ซึ่งไม่มีผู้ใดอ้างว่าเป็นเจ้าของได้ แล้วเบียดบังเอาทรัพย์นั้นเป็นของตนหรือของผู้อื่น ต้องระวางโทษจำคุกไม่เกินหนึ่งปี หรือปรับไม่เกินสองพันบาท หรือทั้งจำทั้งปรับ
CC-355-01,CC,355,2-12-5,2560-03-21,0000-00-00,พ.ร.บ.แก้ไขเพิ่มเติมประมวลกฎหมายอาญา (ฉบับที่ 26) พ.ศ.2560,ผู้ใดเก็บได้ซึ่งสังหาริมทรัพย์อันมีค่า อันซ่อนหรือฝังไว้โดยพฤติการณ์ซึ่งไม่มีผู้ใดอ้างว่าเป็นเจ้าของได้ แล้วเบียดบังเอาทรัพย์นั้นเป็นของตนหรือของผู้อื่น ต้องระวางโทษจำคุกไม่เกินหนึ่งปี หรือปรับไม่เกินสองหมื่นบาท หรือทั้งจำทั้งปรับ
CC-357-00,CC,357,2-12-6,2500-01-01,2512-12-16,,ผู้ใดช่วยซ่อนเร้น ช่วยจำหน่าย ช่วยพาเอาไปเสีย ซื้อ รับจำนำหรือรับไว้โดยประการใดซึ่งทรัพย์อันได้มาโดยการกระทำความผิด ถ้าความผิดนั้นเข้าลักษณะลักทรัพย์ วิ่งราวทรัพย์ กรรโชก รีดเอาทรัพย์ ชิงทรัพย์ ปล้นทรัพย์ ฉ้อโกง ยักยอก หรือเจ้าพนักงานยักยอกทรัพย์ ผู้นั้นกระทำความผิดฐานรับของโจร ต้องระวางโทษจำคุกไม่เกินห้าปี หรือปรับไม่เกินหนึ่งหมื่นบาท หรือทั้งจำทั้งปรับ ถ้าการกระทำความผิดฐานรับของโจรนั้น ได้กระทำเพื่อค้ากำไรหรือได้กระทำต่อทรัพย์อันได้มาโดยการลักทรัพย์ตามมาตรา ๓๓๕ (๑๐) ชิงทรัพย์ หรือปล้นทรัพย์ ผู้กระทำต้องระวางโทษจำคุกตั้งแต่หกเดือนถึงสิบปี และปรับตั้งแต่หนึ่งพันบาทถึงสองหมื่นบาท
CC-357-01,CC,357,2-12-6,2512-12-17,2560-03-20,พ.ร.บ.แก้ไขเพิ่มเติมประมวลกฎหมายอาญา (ฉบับที่ 2) พ.ศ.2512,ผู้ใดช่วยซ่อนเร้น ช่วยจำหน่าย ช่วยพาเอาไปเสีย ซื้อ รับจำนำหรือรับไว้โดยประการใดซึ่งทรัพย์อันได้มาโดยการกระทำความผิด ถ้าความผิดนั้นเข้าลักษณะลักทรัพย์ วิ่งราวทรัพย์ กรรโชก รีดเอาทรัพย์ ชิงทรัพย์ ปล้นทรัพย์ ฉ้อโกง ยักยอก หรือเจ้าพนักงานยักยอกทรัพย์ ผู้นั้นกระทำความผิดฐานรับของโจร ต้องระวางโทษจำคุกไม่เกินห้าปี หรือปรับไม่เกินหนึ่งหมื่นบาท หรือทั้งจำทั้งปรับ ถ้าการกระทำความผิดฐานรับของโจรนั้น ได้กระทำเพื่อค้ากำไรหรือได้กระทำต่อทรัพย์อันได้มาโดยการลักทรัพย์ตามมาตรา ๓๓๕ (๑๐) ชิงทรัพย์ หรือปล้นทรัพย์ ผู้กระทำต้องระวางโทษจำคุกตั้งแต่หกเดือนถึงสิบปี และปรับตั้งแต่หนึ่งพันบาทถึงสองหมื่นบาท ถ้าการกระทำความผิดฐานรับของโจรนั้น ได้กระทำต่อทรัพย์อันได้มาโดยการลักทรัพย์ตามมาตรา ๓๓๕ ทวิ การชิงทรัพย์ตามมาตรา ๓๓๙ ทวิ หรือการปล้นทรัพย์ตามมาตรา ๓๔๐ ทวิ ผู้กระทำต้องระวางโทษจำคุกตั้งแต่ห้าปีถึงสิบห้าปี และปรับตั้งแต่หนึ่งหมื่นบาทถึงสามหมื่นบาท
CC-357-02,CC,357,2-12-6,2560-03-21,0000-00-00,พ.ร.บ.แก้ไขเพิ่มเติมประมวลกฎหมายอาญา (ฉบับที่ 26) พ.ศ.2560,ผู้ใดช่วยซ่อนเร้น ช่วยจำหน่าย ช่วยพาเอาไปเสีย ซื้อ รับจำนำหรือรับไว้โดยประการใดซึ่งทรัพย์อันได้มาโดยการกระทำความผิด ถ้าความผิดนั้นเข้าลักษณะลักทรัพย์ วิ่งราวทรัพย์ กรรโชก รีดเอาทรัพย์ ชิงทรัพย์ ปล้นทรัพย์ ฉ้อโกง ยักยอก หรือเจ้าพนักงานยักยอกทรัพย์ ผู้นั้นกระทำความผิดฐานรับของโจร ต้องระวางโทษจำคุกไม่เกินห้าปี หรือปรับไม่เกินหนึ่งแสนบาท หรือทั้งจำทั้งปรับ ถ้าการกระทำความผิดฐานรับของโจรนั้น ได้กระทำเพื่อค้ากำไรหรือได้กระทำต่อทรัพย์อันได้มาโดยการลักทรัพย์ตามมาตรา ๓๓๕ (๑๐) ชิงทรัพย์ หรือปล้นทรัพย์ ผู้กระทำต้องระวางโทษจำคุกตั้งแต่หกเดือนถึงสิบปี และปรับตั้งแต่หนึ่งหมื่นบาทถึงสองแสนบาท ถ้าการกระทำความผิดฐานรับของโจรนั้น ได้กระทำต่อทรัพย์อันได้มาโดยการลักทรัพย์ตามมาตรา ๓๓๕ ทวิ การชิงทรัพย์ตามมาตรา ๓๓๙ ทวิ หรือการปล้นทรัพย์ตามมาตรา ๓๔๐ ทวิ ผู้กระทำต้องระวางโทษจำคุกตั้งแต่ห้าปีถึงสิบห้าปี และปรับตั้งแต่หนึ่งแสนบาทถึงสามแสนบาท
CC-358-00,CC,358,2-12-7,2500-01-01,2560-03-20,,ผู้ใดทำให้เสียหาย ทำลาย ทำให้เสื่อมค่าหรือทำให้ไร้ประโยชน์ ซึ่งทรัพย์ของผู้อื่นหรือผู้อื่นเป็นเจ้าของรวมอยู่ด้วย ผู้นั้นกระทำความผิดฐานทำให้เสียทรัพย์ ต้องระวางโทษจำคุกไม่เกินสามปี หรือปรับไม่เกินหกพันบาท หรือทั้งจำทั้งปรับ
CC-358-01,CC,358,2-12-7,2560-03-21,0000-00-00,พ.ร.บ.แก้ไขเพิ่มเติมประมวลกฎหมายอาญา (ฉบับที่ 26) พ.ศ.2560,ผู้ใดทำให้เสียหาย ทำลาย ทำให้เสื่อมค่าหรือทำให้ไร้ประโยชน์ ซึ่งทรัพย์ของผู้อื่นหรือผู้อื่นเป็นเจ้าของรวมอยู่ด้วย ผู้นั้นกระทำความผิดฐานทำให้เสียทรัพย์ ต้องระวางโทษจำคุกไม่เกินสามปี หรือปรับไม่เกินหกหมื่นบาท หรือทั้งจำทั้งปรับ
CC-359-00,CC,359,2-12-7,2500-01-01,2560-03-20,,ถ้าการกระทำความผิดตามมาตรา ๓๕๘ ได้กระทำต่อ (๑) เครื่องกลหรือเครื่องจักรที่ใช้ในการประกอบกสิกรรมหรืออุตสาหกรรม (๒) ปศุสัตว์ (๓) ยวดยานหรือสัตว์พาหนะที่ใช้ในการขนส่งสาธารณะหรือในการประกอบกสิกรรมหรืออุตสาหกรรม หรือ (๔) พืชหรือพืชผลของกสิกร ผู้กระทำต้องระวางโทษจำคุกไม่เกินห้าปี หรือปรับไม่เกินหนึ่งหมื่นบาท หรือทั้งจำทั้งปรับ
CC-359-01,CC,359,2-12-7,2560-03-21,0000-00-00,พ.ร.บ.แก้ไขเพิ่มเติมประมวลกฎหมายอาญา (ฉบับที่ 26) พ.ศ.2560,ถ้าการกระทำความผิดตามมาตรา ๓๕๘ ได้กระทำต่อ (๑) เครื่องกลหรือเครื่องจักรที่ใช้ในการประกอบกสิกรรมหรืออุตสาหกรรม (๒) ปศุสัตว์ (๓) ยวดยานหรือสัตว์พาหนะที่ใช้ในการขนส่งสาธารณะหรือในการประกอบกสิกรรมหรืออุตสาหกรรม หรือ (๔) พืชหรือพืชผลของกสิกร ผู้กระทำต้องระวางโทษจำคุกไม่เกินห้าปี หรือปรับไม่เกินหนึ่งแสนบาท หรือทั้งจำทั้งปรับ
CC-360-00,CC,360,2-12-7,2500-01-01,2560-03-20,,ผู้ใดทำให้เสียหาย ทำลาย ทำให้เสื่อมค่าหรือทำให้ไร้ประโยชน์ ซึ่งทรัพย์ที่ใช้หรือมีไว้เพื่อสาธารณประโยชน์ ต้องระวางโทษจำคุกไม่เกินห้าปี หรือปรับไม่เกินหนึ่งหมื่นบาท หรือทั้งจำทั้งปรับ
CC-360-01,CC,360,2-12-7,2560-03-21,0000-00-00,พ.ร.บ.แก้ไขเพิ่มเติมประมวลกฎหมายอาญา (ฉบับที่ 26) พ.ศ.2560,ผู้ใดทำให้เสียหาย ทำลาย ทำให้เสื่อมค่าหรือทำให้ไร้ประโยชน์ ซึ่งทรัพย์ที่ใช้หรือมีไว้เพื่อสาธารณประโยชน์ ต้องระวางโทษจำคุกไม่เกินห้าปี หรือปรับไม่เกินหนึ่งแสนบาท หรือทั้งจำทั้งปรับ
CC-360bis-00,CC,360 ทวิ,2-12-7,2512-12-17,2560-03-20,พ.ร.บ.แก้ไขเพิ่มเติมประมวลกฎหมายอาญา (ฉบับที่ 2) พ.ศ.2512,ผู้ใดทำให้เสียหาย ทำลาย ทำให้เสื่อมค่า หรือทำให้ไร้ประโยชน์ ซึ่งทรัพย์ตามมาตรา ๓๓๕ ทวิ วรรคหนึ่ง ที่ประดิษฐานอยู่ในสถานที่ตามมาตรา ๓๓๕ ทวิ วรรคสอง ต้องระวางโทษจำคุกไม่เกินสิบปี หรือปรับไม่เกินสองหมื่นบาท หรือทั้งจำทั้งปรับ
CC-360bis-01,CC,360 ทวิ,2-12-7,2560-03-21,0000-00-00,พ.ร.บ.แก้ไขเพิ่มเติมประมวลกฎหมายอาญา (ฉบับที่ 26) พ.ศ.2560,ผู้ใดทำให้เสียหาย ทำลาย ทำให้เสื่อมค่า หรือทำให้ไร้ประโยชน์ ซึ่งทรัพย์ตามมาตรา ๓๓๕ ทวิ วรรคหนึ่ง ที่ประดิษฐานอยู่ในสถานที่ตามมาตรา ๓๓๕ ทวิ วรรคสอง ต้องระวางโทษจำคุกไม่เกินสิบปี หรือปรับไม่เกินสองแสนบาท หรือทั้งจำทั้งปรับ
CC-390-00,CC,390,3,2500-01-01,2558-02-13,,ผู้ใดกระทำโดยประมาท และการกระทำนั้นเป็นเหตุให้ผู้อื่นรับอันตรายแก่กายหรือจิตใจ ต้องระวางโทษจำคุกไม่เกินหนึ่งเดือน หรือปรับไม่เกินหนึ่งพันบาท หรือทั้งจำทั้งปรับ
CC-390-01,CC,390,3,2558-02-14,0000-00-00,พ.ร.บ.แก้ไขเพิ่มเติมประมวลกฎหมายอาญา (ฉบับที่ 22) พ.ศ.2558,ผู้ใดกระทำโดยประมาท และการกระทำนั้นเป็นเหตุให้ผู้อื่นรับอันตรายแก่กายหรือจิตใจ ต้องระวางโทษจำคุกไม่เกินหนึ่งเดือน หรือปรับไม่เกินหนึ่งหมื่นบาท หรือทั้งจำทั้งปรับ
CC-391-00,CC,391,3,2500-01-01,2558-02-13,,ผู้ใดใช้กำลังทำร้ายผู้อื่น โดยไม่ถึงกับเป็นเหตุให้เกิดอันตรายแก่กายหรือจิตใจ ต้องระวางโทษจำคุกไม่เกินหนึ่งเดือน หรือปรับไม่เกินหนึ่งพันบาท หรือทั้งจำทั้งปรับ
CC-391-01,CC,391,3,2558-02-14,0000-00-00,พ.ร.บ.แก้ไขเพิ่มเติมประมวลกฎหมายอาญา (ฉบับที่ 22) พ.ศ.2558,ผู้ใดใช้กำลังทำร้ายผู้อื่น โดยไม่ถึงกับเป็นเหตุให้เกิดอันตรายแก่กายหรือจิตใจ ต้องระวางโทษจำคุกไม่เกินหนึ่งเดือน หรือปรับไม่เกินหนึ่งหมื่นบาท หรือทั้งจำทั้งปรับ
CC-393-00,CC,393,3,2500-01-01,2519-10-20,,ผู้ใดดูหมิ่นผู้อื่นซึ่งหน้าหรือด้วยการโฆษณา ต้องระวางโทษปรับไม่เกินห้าร้อยบาท
CC-393-01,CC,393,3,2519-10-21,2558-02-13,คำสั่งของคณะปฏิรูปการปกครองแผ่นดิน ฉบับที่ 41 ลงวันที่ 21 ตุลาคม พ.ศ.2519,ผู้ใดดูหมิ่นผู้อื่นซึ่งหน้าหรือด้วยการโฆษณา ต้องระวางโทษจำคุกไม่เกินหนึ่งเดือน หรือปรับไม่เกินหนึ่งพันบาท หรือทั้งจำทั้งปรับ
CC-393-02,CC,393,3,2558-02-14,0000-00-00,พ.ร.บ.แก้ไขเพิ่มเติมประมวลกฎหมายอาญา (ฉบับที่ 22) พ.ศ.2558,ผู้ใดดูหมิ่นผู้อื่นซึ่งหน้าหรือด้วยการโฆษณา ต้องระวางโทษจำคุกไม่เกินหนึ่งเดือน หรือปรับไม่เกินหนึ่งหมื่นบาท หรือทั้งจำทั้งปรับ
